id,title,category,subcategory,content_en,content_hi,content_hng,content_bn,tags,favorite,usageCount,createdAt,updatedAt
resp-001,Welcome New Customer,Greetings & First Response,Welcome,"Hi {customer_name}, welcome to {store_name}! We're delighted to have you. Browse our catalogue and use code WELCOME10 for 10% off your first order. Happy shopping!","नमस्ते {customer_name}, {store_name} में आपका स्वागत है! हमें खुशी है कि आप हमारे साथ जुड़े। पहले ऑर्डर पर 10% छूट के लिए WELCOME10 कोड लागू करें।","Hi {customer_name}, {store_name} mein aapka swagat hai! Pehle order par 10% off ke liye WELCOME10 code use karein. Koi help chahiye toh bataiye.","নমস্কার {customer_name}, {store_name}-এ আপনাকে স্বাগতম! প্রথম অর্ডারে ১০% ছাড় পেতে WELCOME10 কোড ব্যবহার করুন।",welcome|new-customer|greeting,true,107,2024-08-06T12:00:00Z,2024-08-06T12:00:00Z
resp-002,Returning Customer Welcome,Greetings & First Response,Welcome,"Hi {customer_name}, welcome back to {store_name}! We've added new products since your last visit. Your wishlist is saved and ready for checkout.","नमस्ते {customer_name}, {store_name} में वापसी पर स्वागत है! पिछली बार के बाद हमने कई नए प्रोडक्ट जोड़े हैं। आपकी विशलिस्ट सेव है।","Hi {customer_name}, wapas swagat hai! Naye products add hue hain. Aapki wishlist save hai, checkout kar sakte ho.","নমস্কার {customer_name}, {store_name}-এ ফিরে আসায় স্বাগতম! আপনার উইশলিস্ট সেভ করা আছে।",welcome|returning|greeting,false,75,2024-07-30T12:00:00Z,2024-07-31T12:00:00Z
resp-003,First-Time Buyer Welcome,Greetings & First Response,Welcome,"Hi {customer_name}, thanks for choosing {store_name} for your first order! We'll make sure your experience is smooth. Track your order anytime from your account dashboard.","नमस्ते {customer_name}, पहला ऑर्डर {store_name} से चुनने के लिए धन्यवाद! ऑर्डर की ट्रैकिंग आप अपने अकाउंट से कभी भी कर सकते हैं।","Hi {customer_name}, pehla order ke liye dhanyawad! Tracking aap apne account dashboard se kabhi bhi kar sakte ho.","নমস্কার {customer_name}, প্রথম অর্ডারের জন্য ধন্যবাদ! অর্ডার ট্র্যাকিং আপনার অ্যাকাউন্ট থেকে করতে পারবেন।",welcome|first-order|greeting,false,40,2024-09-01T12:00:00Z,2024-09-06T12:00:00Z
resp-004,Vendor Partner Welcome,Greetings & First Response,Welcome,"Hi {vendor_name}, welcome to the {store_name} vendor family! Your dashboard is ready. Add your first product to start selling across India. Our team is one message away for any help.","नमस्ते {vendor_name}, {store_name} वेंडर परिवार में आपका स्वागत है! आपका डैशबोर्ड तैयार है। पहला प्रोडक्ट जोड़कर भारत भर में बिक्री शुरू करें।","Hi {vendor_name}, vendor parivar mein swagat hai! Dashboard ready hai. Pehla product add karo aur selling start karo.","নমস্কার {vendor_name}, {store_name} ভেন্ডর পরিবারে স্বাগতম! আপনার ড্যাশবোর্ড প্রস্তুত।",welcome|vendor|partner,false,178,2024-09-09T12:00:00Z,2024-09-14T12:00:00Z
resp-005,App Download Welcome,Greetings & First Response,Welcome,"Hi {customer_name}, thanks for downloading the {store_name} app! Use code APP15 for 15% off your first in-app order. Enjoy a faster shopping experience!","नमस्ते {customer_name}, {store_name} ऐप डाउनलोड करने के लिए धन्यवाद! ऐप में पहले ऑर्डर पर 15% छूट के लिए APP15 कोड लागू करें।","Hi {customer_name}, app ke liye dhanyawad! Pehle in-app order par 15% off ke liye APP15 use karein.","নমস্কার {customer_name}, অ্যাপ ডাউনলোডের জন্য ধন্যবাদ! APP15 কোড দিয়ে ১৫% ছাড় পান।",welcome|app|greeting,false,144,2024-07-20T12:00:00Z,2024-07-20T12:00:00Z
resp-006,WhatsApp Opt-in Welcome,Greetings & First Response,Welcome,"Hi {customer_name}, thanks for opting into WhatsApp updates from {store_name}! You'll now receive order confirmations, offers, and delivery alerts here. Reply STOP to unsubscribe.","नमस्ते {customer_name}, {store_name} से WhatsApp अपडेट के लिए धन्यवाद! अब ऑर्डर, ऑफर और डिलीवरी अलर्ट यहीं मिलेंगे। अनसब्सक्राइब करने के लिए STOP लिखें।","Hi {customer_name}, WhatsApp updates ke liye dhanyawad! Order, offer aur delivery alerts yahin milenge. Unsubscribe karne ke liye STOP type karein.","নমস্কার {customer_name}, WhatsApp আপডেটের জন্য ধন্যবাদ! STOP লিখে আনসাবস্ক্রাইব করুন।",welcome|whatsapp|opt-in,false,113,2024-08-09T12:00:00Z,2024-08-09T12:00:00Z
resp-007,First Reply - General,Greetings & First Response,First Reply,"Hi {customer_name}, thanks for reaching out to {store_name}. I've received your message and will get back with a complete answer within {response_time}. Your ticket reference is #{ticket_id}.","नमस्ते {customer_name}, {store_name} तक पहुँचने के लिए धन्यवाद। आपका संदेश मिल गया है, मैं {response_time} में पूरा उत्तर दूँगा। टिकट संख्या #{ticket_id}।","Hi {customer_name}, message mil gaya hai. {response_time} mein poora jawab dunga. Ticket number #{ticket_id}.","নমস্কার {customer_name}, আপনার বার্তা পেয়েছি। টিকিট নম্বর #{ticket_id}।",first-reply|general|acknowledgment,true,97,2024-09-14T12:00:00Z,2024-09-15T12:00:00Z
resp-008,First Reply - Order Query,Greetings & First Response,First Reply,"Hi {customer_name}, I see you've asked about order #{order_id}. Let me pull up the details and revert in a few minutes. Your patience is appreciated.","नमस्ते {customer_name}, ऑर्डर #{order_id} के बारे में आपने पूछा है। मैं विवरण देखकर कुछ ही मिनटों में जवाब दूँगा।","Hi {customer_name}, order #{order_id} ke baare mein poocha hai. Details check karke few minutes mein reply dunga.","নমস্কার {customer_name}, অর্ডার #{order_id} সম্পর্কে বিস্তারিত জানিয়ে কয়েক মিনিটে উত্তর দিচ্ছি।",first-reply|order|acknowledgment,false,134,2024-09-01T12:00:00Z,2024-09-05T12:00:00Z
resp-009,First Reply - Product Query,Greetings & First Response,First Reply,"Hi {customer_name}, thanks for asking about {product_name}. I'll share the complete details including pricing, availability, and shipping within {response_time}.","नमस्ते {customer_name}, {product_name} के बारे में पूछने के लिए धन्यवाद। मैं कीमत, उपलब्धता और शिपिंग के साथ {response_time} में जवाब दूँगा।","Hi {customer_name}, {product_name} ke liye dhanyawad. Price, stock aur shipping ke saath {response_time} mein reply dunga.","নমস্কার {customer_name}, {product_name} সম্পর্কে মূল্য, স্টক ও শিপিং সহ উত্তর দিচ্ছি।",first-reply|product|acknowledgment,false,148,2024-09-14T12:00:00Z,2024-09-15T12:00:00Z
resp-010,First Reply - Complaint,Greetings & First Response,First Reply,"Hi {customer_name}, I'm sorry to hear about the issue you've raised. I take this seriously and will personally look into it. You'll hear from me within {response_time} with a clear next step.","नमस्ते {customer_name}, आपकी समस्या सुनकर दुख हुआ। मैं इसे गंभीरता से लेता हूँ और {response_time} में समाधान के साथ जवाब दूँगा।","Hi {customer_name}, sun ke dukh hua. Main personally isko dekhunga aur {response_time} mein solution ke saath reply dunga.","নমস্কার {customer_name}, আপনার সমস্যা শুনে আমি {response_time}-এ সমাধান সহ উত্তর দিচ্ছি।",first-reply|complaint|acknowledgment,true,329,2024-08-01T12:00:00Z,2024-08-04T12:00:00Z
resp-011,First Reply - Technical,Greetings & First Response,First Reply,"Hi {customer_name}, thanks for the technical query. I've logged this as ticket #{ticket_id} and our team is investigating. We'll share an update in {response_time}.","नमस्ते {customer_name}, तकनीकी सवाल के लिए धन्यवाद। टिकट #{ticket_id} बनाया गया है, हमारी टीम जाँच कर रही है। {response_time} में अपडेट मिलेगा।","Hi {customer_name}, technical query ke liye dhanyawad. Ticket #{ticket_id} ban gaya hai, {response_time} mein update milega.","নমস্কার {customer_name}, টেকনিক্যাল টিকিট #{ticket_id} তৈরি হয়েছে।",first-reply|technical|ticket,false,119,2024-09-01T12:00:00Z,2024-09-05T12:00:00Z
resp-012,First Reply - VIP Customer,Greetings & First Response,First Reply,"Hi {customer_name}, thanks for reaching out. As a valued {store_name} customer, your query is now priority #1. I'll personally make sure you get a complete answer in {response_time}.","नमस्ते {customer_name}, {store_name} के मूल्यवान ग्राहक के रूप में आपकी सवाल को प्राथमिकता दी जा रही है। {response_time} में पूरा जवाब मिलेगा।","Hi {customer_name}, valued customer ho, isliye priority mil gayi hai. {response_time} mein poora jawab dunga.","নমস্কার {customer_name}, ভিআইপি কাস্টমার হিসেবে আপনার প্রশ্ন অগ্রাধিকার পাচ্ছে।",first-reply|vip|priority,false,212,2024-08-29T12:00:00Z,2024-08-29T12:00:00Z
resp-013,Away - Business Hours,Greetings & First Response,Away & Availability,"Hi! {store_name} support is currently away. Our working hours are {working_hours}. We'll respond to your message as soon as we're back. For urgent issues, WhatsApp us at {whatsapp_number}.",नमस्ते! {store_name} सपोर्ट अभी उपलब्ध नहीं है। कार्य समय: {working_hours}। हम वापस आते ही जवाब देंगे। जरूरी मामलों के लिए WhatsApp: {whatsapp_number}।,Hi! {store_name} support abhi nahi hai. Working hours: {working_hours}. Wapas aate hi reply karenge. Urgent ke liye WhatsApp: {whatsapp_number}.,নমস্কার! {store_name} সাপোর্ট এখন অনুপস্থিত। কার্য সময়: {working_hours}। জরুরির জন্য WhatsApp: {whatsapp_number}।,away|hours|availability,true,131,2024-07-29T12:00:00Z,2024-08-03T12:00:00Z
resp-014,Away - Weekend,Greetings & First Response,Away & Availability,"Hi! We're closed for the weekend but will reply to all messages on Monday morning. For urgent orders, use self-service in the app. Thanks for your patience!","नमस्ते! सप्ताहांत के लिए बंद हैं, सोमवार सुबह सभी संदेशों के जवाब देंगे। जरूरी ऑर्डर के लिए ऐप का सेल्फ-सर्विस इस्तेमाल करें।","Hi! Weekend ke liye band hain, Monday subah sab messages ka reply karenge. Urgent ke liye app self-service use karein.","নমস্কার! উইকেন্ডের জন্য বন্ধ, সোমবার সকালে উত্তর দেব।",away|weekend|availability,false,92,2024-08-19T12:00:00Z,2024-08-21T12:00:00Z
resp-015,Away - Holiday,Greetings & First Response,Away & Availability,Hi! {store_name} is closed today for {holiday_name}. We'll be back on {reopen_date}. Wishing you and your family a wonderful day!,नमस्ते! {store_name} आज {holiday_name} के लिए बंद है। हम {reopen_date} को वापस आएँगे। आपको और परिवार को शुभकामनाएँ!,Hi! {store_name} aaj {holiday_name} ke liye band hai. {reopen_date} ko wapas aayenge. Aapko aur parivar ko shubhkamna!,নমস্কার! {store_name} আজ {holiday_name}-এর জন্য বন্ধ। {reopen_date}-এ ফিরব।,away|holiday|availability,false,60,2024-09-06T12:00:00Z,2024-09-08T12:00:00Z
resp-016,Away - Lunch Break,Greetings & First Response,Away & Availability,"Hi! Our team is on a quick break and will be back at {return_time}. For urgent order updates, please check the app or your email. Thanks!","नमस्ते! हमारी टीम थोड़ी देर के लिए ब्रेक पर है, {return_time} पर वापस आएगी। जरूरी ऑर्डर अपडेट के लिए ऐप देखें।","Hi! Team break pe hai, {return_time} pe wapas aayegi. Urgent order ke liye app check karein.","নমস্কার! টিম ব্রেকে, {return_time}-এ ফিরব।",away|break|availability,false,28,2024-09-09T12:00:00Z,2024-09-12T12:00:00Z
resp-017,Away - Night,Greetings & First Response,Away & Availability,"Hi! Our support team is offline for the night. We'll respond to your message tomorrow morning at {return_time}. For urgent issues, drop a WhatsApp message at {whatsapp_number}.",नमस्ते! सपोर्ट टीम रात के लिए ऑफलाइन है। कल सुबह {return_time} पर जवाब देंगे। जरूरी मामलों के लिए WhatsApp: {whatsapp_number}।,Hi! Support raat ke liye offline hai. Kal subah {return_time} pe reply karenge. WhatsApp: {whatsapp_number}.,নমস্কার! রাতের জন্য সাপোর্ট অফলাইন। সকালে {return_time}-এ উত্তর দেব।,away|night|availability,false,96,2024-09-09T12:00:00Z,2024-09-11T12:00:00Z
resp-018,Thanks for Purchase,Greetings & First Response,Thank You,"Thank you, {customer_name}, for shopping with {store_name}! Your order #{order_id} is confirmed. We hope you love your purchase. Tag us on socials at @{social_handle}!","धन्यवाद {customer_name}, {store_name} से खरीदने के लिए! ऑर्डर #{order_id} कन्फर्म हो गया है। सोशल मीडिया पर हमें @{social_handle} टैग करें!","Dhanyawad {customer_name}, shopping ke liye! Order #{order_id} confirm ho gaya. Social media pe @{social_handle} tag karein!","ধন্যবাদ {customer_name}, অর্ডার #{order_id} কনফার্ম। সোশ্যালে @{social_handle} ট্যাগ করুন!",thanks|purchase|order,true,185,2024-08-08T12:00:00Z,2024-08-08T12:00:00Z
resp-019,Thanks for Review,Greetings & First Response,Thank You,"Thank you for taking the time to leave a review, {customer_name}! Your feedback helps us improve and helps other shoppers decide. We look forward to serving you again.","समय निकालकर समीक्षा देने के लिए धन्यवाद, {customer_name}! आपकी फीडबैक हमें सुधारने में मदद करती है।","Review dene ke liye dhanyawad, {customer_name}! Aapki feedback humein improve karne mein madad karti hai.","রিভিউ দেওয়ার জন্য ধন্যবাদ, {customer_name}!",thanks|review|feedback,false,122,2024-07-31T12:00:00Z,2024-08-04T12:00:00Z
resp-020,Thanks for Referral,Greetings & First Response,Thank You,Thank you for referring {friend_name} to {store_name}! You've earned {referral_reward} in your wallet. Keep spreading the word — every successful referral earns more.,{friend_name} को {store_name} रेफर करने के लिए धन्यवाद! आपके वॉलेट में {referral_reward} जमा हो गए हैं। और रेफर करते रहें!,{friend_name} ko refer karne ke liye dhanyawad! Wallet mein {referral_reward} add ho gaye. Refer karte raho!,{friend_name}-কে রেফার করার জন্য ধন্যবাদ! ওয়ালেটে {referral_reward} যোগ হয়েছে।,thanks|referral|reward,true,243,2024-09-08T12:00:00Z,2024-09-08T12:00:00Z
resp-021,Thanks for Feedback,Greetings & First Response,Thank You,"Thanks for sharing your feedback, {customer_name}. We read every single message and use it to improve. Expect to see your suggestions reflected in upcoming updates.","अपनी फीडबैक साझा करने के लिए धन्यवाद, {customer_name}। हम हर संदेश पढ़ते हैं और सुधार के लिए उपयोग करते हैं।","Feedback share karne ke liye dhanyawad, {customer_name}. Hum har message padhte hain aur improve karte hain.","ফিডব্যাক শেয়ার করার জন্য ধন্যবাদ, {customer_name}।",thanks|feedback|suggestion,false,80,2024-08-11T12:00:00Z,2024-08-16T12:00:00Z
resp-022,Thanks for Patience,Greetings & First Response,Thank You,"Thank you for your patience, {customer_name}. We know waiting isn't fun, and we appreciate you sticking with us. Your issue has now been resolved — please confirm if all looks good.","धैर्य रखने के लिए धन्यवाद, {customer_name}। आपकी समस्या अब हल हो गई है — कृपया कन्फर्म करें कि सब कुछ ठीक है।","Patience ke liye dhanyawad, {customer_name}. Aapki problem ab solve ho gayi — confirm karein ki sab theek hai.","ধৈর্যের জন্য ধন্যবাদ, {customer_name}। সমস্যা সমাধান হয়েছে — কনফার্ম করুন।",thanks|patience|resolution,false,231,2024-08-07T12:00:00Z,2024-08-09T12:00:00Z
resp-023,Diwali Greeting,Greetings & First Response,Holiday Greetings,"Happy Diwali from the {store_name} family! May this festival of lights bring prosperity, joy, and endless orders to your business. Use code FESTIVE25 for 25% off site-wide.",{store_name} परिवार की ओर से दीपावली की शुभकामनाएँ! उपहार कोड FESTIVE25 से साइट भर में 25% छूट पाएँ।,{store_name} parivar ki taraf se Diwali ki shubhkamna! FESTIVE25 code se 25% off pao.,{store_name} পরিবারের তরফ থেকে দীপাবলির শুভেচ্ছা! FESTIVE25 কোডে ২৫% ছাড়।,holiday|diwali|festive,true,148,2024-08-10T12:00:00Z,2024-08-15T12:00:00Z
resp-024,New Year Greeting,Greetings & First Response,Holiday Greetings,"Happy New Year, {customer_name}! Wishing you and your loved ones a fantastic year ahead. As a thank-you, here's a special 20% off code: NEWYEAR20, valid for the first week of January.","नया साल मुबारक, {customer_name}! विशेष 20% छूट कोड: NEWYEAR20, जनवरी के पहले सप्ताह तक वैध।","Naya saal mubarak, {customer_name}! 20% off code: NEWYEAR20, January ke pehle week tak valid.","নববর্ষের শুভেচ্ছা, {customer_name}! NEWYEAR20 কোডে ২০% ছাড়।",holiday|new-year|festive,false,16,2024-09-11T12:00:00Z,2024-09-15T12:00:00Z
resp-025,Eid Greeting,Greetings & First Response,Holiday Greetings,Eid Mubarak from {store_name}! May this special day bring joy and togetherness to you and your family. Celebrate with our festive collection and special offers.,{store_name} की ओर से ईद मुबारक! इस खास दिन पर आपको और परिवार को खुशियाँ मिलें। हमारे फेस्टिव कलेक्शन के साथ जश्न मनाएँ।,{store_name} ki taraf se Eid Mubarak! Festive collection ke saath jashn manayein.,{store_name}-এর তরফ থেকে ঈদ মুবারক! ফেস্টিভ কালেকশন দেখুন।,holiday|eid|festive,false,202,2024-09-01T12:00:00Z,2024-09-03T12:00:00Z
resp-026,Christmas Greeting,Greetings & First Response,Holiday Greetings,Merry Christmas from {store_name}! May your home be filled with warmth and joy. Our Christmas sale is live — enjoy up to 40% off on selected categories.,{store_name} की ओर से क्रिसमस की शुभकामनाएँ! क्रिसमस सेल लाइव है — चुने हुए कैटेगरी पर 40% तक छूट।,{store_name} ki taraf se Christmas ki shubhkamna! Christmas sale live hai — 40% tak off.,{store_name}-এর তরফ থেকে বড়দিনের শুভেচ্ছা! ৪০% পর্যন্ত ছাড়।,holiday|christmas|festive,false,223,2024-09-10T12:00:00Z,2024-09-11T12:00:00Z
resp-027,Order Confirmed,Orders & Delivery,Order Confirmation,"Great news, {customer_name}! Your order #{order_id} for ₹{amount} is confirmed. We're getting it ready and will share tracking details shortly. Expected delivery: {delivery_date}.","बढ़िया खबर, {customer_name}! ऑर्डर #{order_id} (₹{amount}) कन्फर्म हो गया। ट्रैकिंग जल्दी शेयर करेंगे। अनुमानित डिलीवरी: {delivery_date}।","Badhiya khabar, {customer_name}! Order #{order_id} (₹{amount}) confirm ho gaya. Tracking jaldi share karenge. Delivery: {delivery_date}.","চমৎকার খবর, {customer_name}! অর্ডার #{order_id} (₹{amount}) কনফার্ম। ডেলিভারি: {delivery_date}।",order|confirmation|status,true,101,2024-07-22T12:00:00Z,2024-07-25T12:00:00Z
resp-028,COD Order Confirmed,Orders & Delivery,Order Confirmation,"Your Cash on Delivery order #{order_id} is confirmed, {customer_name}. Please keep ₹{amount} ready for the delivery agent. We'll reach out before delivery to confirm.","आपका COD ऑर्डर #{order_id} कन्फर्म हो गया, {customer_name}। डिलीवरी एजेंट के लिए ₹{amount} तैयार रखें। हम डिलीवरी से पहले कन्फर्म करेंगे।","COD order #{order_id} confirm ho gaya, {customer_name}. ₹{amount} ready rakhein. Delivery se pehle confirm karenge.",আপনার COD অর্ডার #{order_id} কনফার্ম। ₹{amount} প্রস্তুত রাখুন।,order|cod|confirmation,false,121,2024-08-29T12:00:00Z,2024-09-03T12:00:00Z
resp-029,Prepaid Order Confirmed,Orders & Delivery,Order Confirmation,"Your prepaid order #{order_id} is confirmed, {customer_name}. Payment of ₹{amount} received successfully. We'll dispatch your order within {dispatch_time}.","प्रीपेड ऑर्डर #{order_id} कन्फर्म, {customer_name}। ₹{amount} पेमेंट मिल गई। ऑर्डर {dispatch_time} में डिस्पैच करेंगे।","Prepaid order #{order_id} confirm, {customer_name}. ₹{amount} payment mil gaya. {dispatch_time} mein dispatch karenge.",প্রিপেইড অর্ডার #{order_id} কনফার্ম। ₹{amount} পেমেন্ট পেয়েছি।,order|prepaid|confirmation,false,98,2024-07-24T12:00:00Z,2024-07-25T12:00:00Z
resp-030,Multi-item Order Confirmation,Orders & Delivery,Order Confirmation,"Your order #{order_id} with {item_count} items (₹{amount}) is confirmed, {customer_name}. Some items may arrive in separate packages — we'll share tracking for each.","ऑर्डर #{order_id} में {item_count} आइटम (₹{amount}) कन्फर्म, {customer_name}। कुछ आइटम अलग-अलग पैकेज में आ सकते हैं — हम हर एक की ट्रैकिंग शेयर करेंगे।",Order #{order_id} mein {item_count} items (₹{amount}) confirm. Kuch items alag package mein aa sakte hain — har ek ki tracking share karenge.,অর্ডার #{order_id} এ {item_count} আইটেম কনফার্ম। আলাদা প্যাকেজে আসতে পারে।,order|multi-item|confirmation,false,95,2024-08-23T12:00:00Z,2024-08-24T12:00:00Z
resp-031,Bulk Order Confirmation,Orders & Delivery,Order Confirmation,"Your bulk order #{order_id} ({item_count} units, ₹{amount}) is confirmed. Our team is preparing it for dispatch and you'll receive tracking in {dispatch_time}.","आपका बल्क ऑर्डर #{order_id} ({item_count} यूनिट, ₹{amount}) कन्फर्म हो गया। टीम तैयारी कर रही है, {dispatch_time} में ट्रैकिंग मिलेगी।","Bulk order #{order_id} ({item_count} units, ₹{amount}) confirm. Team tayari kar rahi hai, {dispatch_time} mein tracking milega.",বাল্ক অর্ডার #{order_id} কনফার্ম। টিম প্রস্তুত করছে।,order|bulk|confirmation,false,73,2024-08-04T12:00:00Z,2024-08-09T12:00:00Z
resp-032,Digital Order Confirmation,Orders & Delivery,Order Confirmation,"Your digital order #{order_id} is confirmed, {customer_name}. Download links have been sent to your email {email}. The links are valid for 1 year.","डिजिटल ऑर्डर #{order_id} कन्फर्म, {customer_name}। डाउनलोड लिंक आपके ईमेल {email} पर भेज दिए गए हैं। लिंक 1 साल तक वैध हैं।",Digital order #{order_id} confirm. Download links email {email} pe bhej diye hain. 1 saal tak valid.,ডিজিটাল অর্ডার #{order_id} কনফার্ম। ডাউনলোড লিংক ইমেলে পাঠানো হয়েছে।,order|digital|confirmation,false,179,2024-07-18T12:00:00Z,2024-07-23T12:00:00Z
resp-033,Order Status - Processing,Orders & Delivery,Order Status,"Hi {customer_name}, your order #{order_id} is currently being processed and packed with care. We'll dispatch it soon and share tracking details within {time_estimate}.","नमस्ते {customer_name}, ऑर्डर #{order_id} प्रोसेस और पैक हो रहा है। जल्दी डिस्पैच करेंगे, {time_estimate} में ट्रैकिंग शेयर करेंगे।","Hi {customer_name}, order #{order_id} process ho raha hai. Jaldi dispatch karenge, {time_estimate} mein tracking share karenge.","নমস্কার {customer_name}, অর্ডার #{order_id} প্রসেস হচ্ছে। শীঘ্র ট্র্যাকিং পাঠাব।",order|status|processing,false,160,2024-09-11T12:00:00Z,2024-09-15T12:00:00Z
resp-034,Order Status - Shipped,Orders & Delivery,Order Status,"Good news, {customer_name}! Your order #{order_id} has been shipped via {courier_name}. Track it here: {tracking_link}. Expected delivery: {delivery_date}.","अच्छी खबर, {customer_name}! ऑर्डर #{order_id} {courier_name} से शिप हो गया। ट्रैकिंग: {tracking_link}। अनुमानित डिलीवरी: {delivery_date}।","Achhi khabar, {customer_name}! Order #{order_id} {courier_name} se ship ho gaya. Tracking: {tracking_link}. Delivery: {delivery_date}.","ভাল খবর, {customer_name}! অর্ডার #{order_id} শিপ হয়েছে। ট্র্যাকিং: {tracking_link}।",order|status|shipped,true,323,2024-09-05T12:00:00Z,2024-09-10T12:00:00Z
resp-035,Order Status - Out for Delivery,Orders & Delivery,Order Status,"Your order #{order_id} is out for delivery, {customer_name}! The delivery agent {agent_name} will reach you by {delivery_time}. Phone: {agent_phone}.","ऑर्डर #{order_id} डिलीवरी के लिए निकल गया, {customer_name}! एजेंट {agent_name} {delivery_time} तक आप तक पहुँगा। फोन: {agent_phone}।",Order #{order_id} delivery ke liye nikal gaya! Agent {agent_name} {delivery_time} tak pahunchega. Phone: {agent_phone}.,অর্ডার #{order_id} ডেলিভারির জন্য বেরিয়েছে! এজেন্ট {delivery_time}-এ পৌঁছাবে।,order|status|delivery,false,46,2024-08-31T12:00:00Z,2024-09-03T12:00:00Z
resp-036,Order Status - Delivered,Orders & Delivery,Order Status,"Your order #{order_id} has been delivered, {customer_name}. We hope you love it! If anything isn't right, please let us know within 48 hours. Would you mind leaving a quick review?","ऑर्डर #{order_id} डिलीवर हो गया, {customer_name}। उम्मीद है पसंद आएगा! अगर कोई समस्या हो तो 48 घंटे में बताएँ। थोड़ी सी समीक्षा देंगे?","Order #{order_id} deliver ho gaya, {customer_name}. Koi problem ho toh 48 ghante mein bataiye. Review denge?",অর্ডার #{order_id} ডেলিভার হয়েছে। সমস্যা হলে ৪৮ ঘণ্টায় জানান।,order|status|delivered,true,188,2024-08-22T12:00:00Z,2024-08-27T12:00:00Z
resp-037,Order Status - Cancelled,Orders & Delivery,Order Status,"Hi {customer_name}, your order #{order_id} has been cancelled as per your request. Refund of ₹{amount} (if applicable) will be processed to your original payment method in {refund_days} business days.","नमस्ते {customer_name}, ऑर्डर #{order_id} आपकी विनती पर कैंसिल हो गया। रिफंड ₹{amount} (यदि लागू हो) {refund_days} दिनों में मूल पेमेंट मेथड में मिलेगा।","Hi {customer_name}, order #{order_id} cancel ho gaya. Refund ₹{amount} (if applicable) {refund_days} din mein original payment mein milega.","নমস্কার {customer_name}, অর্ডার #{order_id} বাতিল হয়েছে। রিফান্ড {refund_days} দিনে আসবে।",order|status|cancelled,false,147,2024-08-02T12:00:00Z,2024-08-03T12:00:00Z
resp-038,Order Status - On Hold,Orders & Delivery,Order Status,"Hi {customer_name}, your order #{order_id} is on hold pending verification. Please check your email for the next steps or reply here with the required info so we can proceed.","नमस्ते {customer_name}, ऑर्डर #{order_id} वेरिफिकेशन के लिए रुका हुआ है। ईमेल देखें या जवाब में ज़रूरी जानकारी दें ताकि आगे बढ़ सकें।",Order #{order_id} verification ke liye ruka hai. Email dekhein ya reply mein info dein.,অর্ডার #{order_id} ভেরিফিকেশনের জন্য আটকে আছে। ইমেল দেখুন।,order|status|hold,false,88,2024-08-03T12:00:00Z,2024-08-03T12:00:00Z
resp-039,Tracking Link Shared,Orders & Delivery,Dispatch & Tracking,"Hi {customer_name}, here's the tracking link for order #{order_id}: {tracking_link}. You can also track it from your account dashboard. Expected delivery: {delivery_date}.","नमस्ते {customer_name}, ऑर्डर #{order_id} की ट्रैकिंग लिंक: {tracking_link}। अकाउंट डैशबोर्ड से भी देख सकते हैं। डिलीवरी: {delivery_date}।","Hi {customer_name}, order #{order_id} ki tracking: {tracking_link}. Dashboard se bhi dekho. Delivery: {delivery_date}.","নমস্কার {customer_name}, অর্ডার #{order_id} ট্র্যাকিং: {tracking_link}।",tracking|link|dispatch,true,66,2024-09-01T12:00:00Z,2024-09-03T12:00:00Z
resp-040,Multi-package Tracking,Orders & Delivery,Dispatch & Tracking,"Hi {customer_name}, your order #{order_id} has been split into {package_count} packages for faster delivery. Each has its own tracking:
{tracking_list}","नमस्ते {customer_name}, ऑर्डर #{order_id} को तेज़ डिलीवरी के लिए {package_count} पैकेज में बाँटा गया है। हर एक की अपनी ट्रैकिंग है:
{tracking_list}","Order #{order_id} ko {package_count} packages mein baanta gaya hai. Har ek ki tracking:
{tracking_list}",অর্ডার #{order_id}-কে {package_count} প্যাকেজে ভাগ করা হয়েছে।,tracking|multi-package|dispatch,false,73,2024-08-21T12:00:00Z,2024-08-21T12:00:00Z
resp-041,Dispatch Delay Notice,Orders & Delivery,Dispatch & Tracking,"Hi {customer_name}, due to high order volume, dispatch of order #{order_id} is delayed by {delay_hours} hours. New dispatch expected by {new_dispatch_time}. We apologize for the inconvenience.","नमस्ते {customer_name}, ज़्यादा ऑर्डर वॉल्यूम के कारण ऑर्डर #{order_id} का डिस्पैच {delay_hours} घंटे देरी से होगा। नया डिस्पैच: {new_dispatch_time}। क्षमा चाहते हैं।",Order #{order_id} ka dispatch {delay_hours} ghante late hoga. Naya dispatch: {new_dispatch_time}. Sorry!,বেশি অর্ডারের কারণে ডিসপ্যাচ {delay_hours} ঘণ্টা দেরি হবে।,tracking|delay|dispatch,false,238,2024-09-02T12:00:00Z,2024-09-06T12:00:00Z
resp-042,Courier Handoff Confirmed,Orders & Delivery,Dispatch & Tracking,"Hi {customer_name}, order #{order_id} has been handed over to {courier_name}. They'll update tracking within a few hours. Expected delivery: {delivery_date}.",ऑर्डर #{order_id} {courier_name} को सौंप दिया गया। कुछ घंटों में ट्रैकिंग अपडेट होगा। अनुमानित डिलीवरी: {delivery_date}।,Order #{order_id} {courier_name} ko de diya. Tracking kuch ghanto mein update hoga. Delivery: {delivery_date}.,অর্ডার #{order_id} {courier_name}-কে দেওয়া হয়েছে।,tracking|courier|dispatch,false,188,2024-07-21T12:00:00Z,2024-07-23T12:00:00Z
resp-043,Local Delivery Tracking,Orders & Delivery,Dispatch & Tracking,"Hi {customer_name}, your order #{order_id} is being delivered by our own delivery fleet. Track the agent live here: {tracking_link}. ETA: {delivery_time}.",ऑर्डर #{order_id} हमारी अपनी डिलीवरी टीम ले जा रही है। एजेंट को लाइव ट्रैक करें: {tracking_link}। ETA: {delivery_time}।,Order #{order_id} humari delivery team le ja rahi hai. Live track: {tracking_link}. ETA: {delivery_time}.,অর্ডার #{order_id} আমাদের ডেলিভারি টিম নিয়ে যাচ্ছে।,tracking|local|delivery,false,172,2024-09-02T12:00:00Z,2024-09-05T12:00:00Z
resp-044,Out for Delivery Confirmation,Orders & Delivery,Out for Delivery,"Hi {customer_name}, your order #{order_id} is out for delivery and will reach you by {delivery_time}. Please ensure someone is available to receive it.","नमस्ते {customer_name}, ऑर्डर #{order_id} डिलीवरी के लिए निकल गया, {delivery_time} तक पहुँगा। कृपया कोई घर पर उपस्थित रहे।","Order #{order_id} delivery ke liye nikal gaya, {delivery_time} tak pahunchega. Koi ghar pe ho.","অর্ডার #{order_id} ডেলিভারির জন্য বেরিয়েছে, {delivery_time}-এ পৌঁছাবে। কেউ বাড়িতে থাকুন।",delivery|out|confirmation,false,231,2024-08-21T12:00:00Z,2024-08-26T12:00:00Z
resp-045,Delivery Attempt Failed,Orders & Delivery,Out for Delivery,"Hi {customer_name}, we attempted to deliver your order #{order_id} but couldn't reach you. The agent will retry tomorrow between {retry_window}. Please ensure availability or share an alternate address.",ऑर्डर #{order_id} डिलीवर करने की कोशिश की लेकिन आपसे संपर्क नहीं हो सका। कल {retry_window} के बीच फिर कोशिश करेंगे। कृपया उपलब्ध रहें।,Order #{order_id} deliver nahi ho saka. Kal {retry_window} mein retry karenge. Available raho ya alternate address do.,অর্ডার #{order_id} ডেলিভারি করতে পারিনি। কাল আবার চেষ্টা করব।,delivery|failed|attempt,false,41,2024-08-17T12:00:00Z,2024-08-19T12:00:00Z
resp-046,Delivery Reschedule,Orders & Delivery,Out for Delivery,"Hi {customer_name}, please share a convenient time slot for delivery of order #{order_id}. Available slots: {slot_options}. We'll reschedule right away.","नमस्ते {customer_name}, ऑर्डर #{order_id} की डिलीवरी के लिए सुविधाजनक समय बताएँ। स्लॉट: {slot_options}। तुरंत रीशेड्यूल करेंगे।",Order #{order_id} delivery ke liye convenient time do. Slots: {slot_options}. Reschedule karenge.,অর্ডার #{order_id} ডেলিভারির সময় দিন। স্লট: {slot_options}।,delivery|reschedule|slot,false,68,2024-09-07T12:00:00Z,2024-09-12T12:00:00Z
resp-047,Delivery Address Verification,Orders & Delivery,Out for Delivery,"Hi {customer_name}, please confirm your delivery address for order #{order_id}: {address}. If any change is needed, please share the updated address before {cutoff_time}.","नमस्ते {customer_name}, ऑर्डर #{order_id} के लिए पता कन्फर्म करें: {address}। बदलाव के लिए {cutoff_time} से पहले नया पता दें।",Order #{order_id} ka address confirm karein: {address}. Change ke liye {cutoff_time} se pehle naya address dein.,অর্ডার #{order_id}-এর ঠিকানা কনফার্ম করুন: {address}।,delivery|address|verification,false,142,2024-08-11T12:00:00Z,2024-08-13T12:00:00Z
resp-048,Delay Apology - General,Orders & Delivery,Delay Apology,"Hi {customer_name}, I'm sorry your order #{order_id} is delayed by {delay_days} days due to {delay_reason}. We're working to dispatch it ASAP. New ETA: {new_eta}.","नमस्ते {customer_name}, ऑर्डर #{order_id} {delay_reason} के कारण {delay_days} दिन देरी से आ रहा है। जल्दी डिस्पैच कर रहे हैं। नया ETA: {new_eta}।","Hi {customer_name}, order #{order_id} {delay_days} din late ho raha hai, reason: {delay_reason}. Jaldi dispatch karenge. Naya ETA: {new_eta}.","নমস্কার {customer_name}, অর্ডার #{order_id} {delay_days} দিন দেরি হচ্ছে। নতুন ETA: {new_eta}।",delay|apology|order,true,349,2024-07-30T12:00:00Z,2024-08-02T12:00:00Z
resp-049,Delay Apology - Weather,Orders & Delivery,Delay Apology,"Hi {customer_name}, severe weather at our dispatch hub has delayed your order #{order_id} by {delay_days} days. We're monitoring closely and will expedite shipping once conditions improve. New ETA: {new_eta}.","नमस्ते {customer_name}, डिस्पैच हब पर खराब मौसम के कारण ऑर्डर #{order_id} {delay_days} दिन देरी से आ रहा है। नया ETA: {new_eta}।","Order #{order_id} {delay_days} din late, weather reason. Naya ETA: {new_eta}.",খারাপ আবহাওয়ার কারণে অর্ডার #{order_id} {delay_days} দিন দেরি হচ্ছে।,delay|weather|apology,false,154,2024-07-20T12:00:00Z,2024-07-23T12:00:00Z
resp-050,Delay Apology - Stock,Orders & Delivery,Delay Apology,"Hi {customer_name}, one item in your order #{order_id} is unexpectedly out of stock. We can ship the rest now and the remaining item later, or wait — please let us know your preference.","नमस्ते {customer_name}, ऑर्डर #{order_id} में एक आइटम अचानक स्टॉक से बाहर है। बाकी अभी और बाकी बाद में भेजें, या रुकें — बताएँ।","Order #{order_id} mein ek item out of stock hai. Baaki abhi, baad mein, ya wait — bataiye.","অর্ডার #{order_id}-এ একটি আইটেম স্টক নেই। বাকিগুলো এখন, বা অপেক্ষা — জানান।",delay|stock|apology,false,61,2024-08-23T12:00:00Z,2024-08-24T12:00:00Z
resp-051,Delay Apology with Compensation,Orders & Delivery,Delay Apology,"Hi {customer_name}, I'm sorry for the delay on order #{order_id}. As a goodwill gesture, I've added ₹{compensation_amount} to your wallet, usable on your next order. New ETA: {new_eta}.","नमस्ते {customer_name}, ऑर्डर #{order_id} में देरी के लिए क्षमा। संकेत स्वरूप ₹{compensation_amount} वॉलेट में जोड़ दिए, अगले ऑर्डर पर उपयोग करें। नया ETA: {new_eta}।","Sorry for delay on order #{order_id}. Wallet mein ₹{compensation_amount} add kiya, next order pe use karo. Naya ETA: {new_eta}.",অর্ডার #{order_id} দেরির জন্য ক্ষমা। ওয়ালেটে ₹{compensation_amount} যোগ করেছি।,delay|compensation|apology,true,302,2024-08-14T12:00:00Z,2024-08-14T12:00:00Z
resp-052,COD Ready Reminder,Orders & Delivery,Cash on Delivery,"Hi {customer_name}, your COD order #{order_id} is out for delivery. Please keep ₹{amount} in exact change ready for the delivery agent arriving between {delivery_window}.","नमस्ते {customer_name}, COD ऑर्डर #{order_id} डिलीवरी के लिए निकल गया। एजेंट के लिए ₹{amount} एग्ज़ैक्ट चेंज तैयार रखें, समय: {delivery_window}।","COD order #{order_id} out for delivery. ₹{amount} exact change ready rakho, time: {delivery_window}.",COD অর্ডার #{order_id} ডেলিভারির জন্য বেরিয়েছে। ₹{amount} প্রস্তুত রাখুন।,cod|ready|delivery,false,17,2024-07-29T12:00:00Z,2024-07-29T12:00:00Z
resp-053,COD Verification Call,Orders & Delivery,Cash on Delivery,"Hi {customer_name}, we're calling to confirm your COD order #{order_id} of ₹{amount}. Please confirm so we can dispatch. If unreachable, the order may be auto-cancelled.","नमस्ते {customer_name}, COD ऑर्डर #{order_id} (₹{amount}) कन्फर्म करने के लिए कॉल कर रहे हैं। कन्फर्म करें ताकि डिस्पैच कर सकें।",COD order #{order_id} (₹{amount}) confirm karne ke liye call kar rahe hain. Confirm karo.,COD অর্ডার #{order_id} (₹{amount}) কনফার্ম করুন।,cod|verification|call,false,165,2024-09-06T12:00:00Z,2024-09-07T12:00:00Z
resp-054,COD Payment Received,Orders & Delivery,Cash on Delivery,"Hi {customer_name}, we've received ₹{amount} for COD order #{order_id} from the delivery agent. Thank you for shopping with {store_name}!","नमस्ते {customer_name}, COD ऑर्डर #{order_id} के लिए ₹{amount} डिलीवरी एजेंट से मिल गए। {store_name} से खरीदने के लिए धन्यवाद!",COD order #{order_id} ke liye ₹{amount} mil gaye. {store_name} se khareedne ke liye dhanyawad!,COD অর্ডার #{order_id}-এর ₹{amount} পেয়েছি। ধন্যবাদ!,cod|payment|received,false,179,2024-07-27T12:00:00Z,2024-07-30T12:00:00Z
resp-055,COD Refused by Customer,Orders & Delivery,Cash on Delivery,"Hi {customer_name}, our records show that order #{order_id} was refused at delivery. Could you share what went wrong? We'd love to make this right for you.","नमस्ते {customer_name}, ऑर्डर #{order_id} डिलीवरी पर अस्वीकृत कर दिया गया। क्या बात गलत हुई? हमें बताएँ, ठीक करना चाहेंगे।","Order #{order_id} delivery pe refuse ho gaya. Kya galat hua? Batao, theek karna chahte hain.",অর্ডার #{order_id} ডেলিভারিতে অস্বীকৃত। কী ভুল হলো জানান।,cod|refused|followup,false,21,2024-08-08T12:00:00Z,2024-08-11T12:00:00Z
resp-056,Stock Available,Products & Inventory,Stock Inquiry,"Hi {customer_name}, good news — {product_name} is in stock! Price: ₹{price}. We have {stock_count} units available. Would you like to place an order now?","नमस्ते {customer_name}, अच्छी खबर — {product_name} स्टॉक में है! कीमत: ₹{price}। {stock_count} यूनिट उपलब्ध। ऑर्डर करें?","Hi {customer_name}, {product_name} stock mein hai! Price: ₹{price}. {stock_count} units available. Order karein?","নমস্কার {customer_name}, {product_name} স্টকে আছে! মূল্য: ₹{price}।",stock|available|inquiry,false,157,2024-08-22T12:00:00Z,2024-08-25T12:00:00Z
resp-057,Stock Low Alert,Products & Inventory,Stock Inquiry,"Hi {customer_name}, {product_name} is running low — only {stock_count} units left! Grab yours before it's gone. Price: ₹{price}.","नमस्ते {customer_name}, {product_name} लुप्त हो रहा है — सिर्फ़ {stock_count} यूनिट बचे! खत्म होने से पहले ले लें। कीमत: ₹{price}।",{product_name} low stock — only {stock_count} units! Le lo before gone. Price: ₹{price}.,{product_name} কম স্টক — শুধু {stock_count} ইউনিট বাকি!,stock|low|alert,true,178,2024-08-13T12:00:00Z,2024-08-17T12:00:00Z
resp-058,Stock Replenishment Notice,Products & Inventory,Stock Inquiry,"Hi {customer_name}, {product_name} is currently out of stock but we expect a fresh batch by {restock_date}. Shall I notify you when it's back, or pre-book it for you?","नमस्ते {customer_name}, {product_name} अभी स्टॉक से बाहर है, लेकिन {restock_date} तक नया बैच आ जाएगा। वापस आने पर सूचित करूँ या प्री-बुक करूँ?","{product_name} abhi out of stock hai, par {restock_date} tak fresh batch aayega. Notify karu ya pre-book karu?","{product_name} এখন স্টক নেই, {restock_date}-এ নতুন ব্যাচ আসবে।",stock|replenishment|notice,false,246,2024-07-22T12:00:00Z,2024-07-22T12:00:00Z
resp-059,Stock Variant Inquiry,Products & Inventory,Stock Inquiry,"Hi {customer_name}, here's the stock availability for {product_name} variants:
{variant_list}
Let me know which one you'd like to order.","नमस्ते {customer_name}, {product_name} वेरिएंट का स्टॉक:
{variant_list}
जो चाहिए बताएँ।","{product_name} variants ka stock:
{variant_list}
Jo chahiye batao.","{product_name} ভ্যারিয়েন্ট স্টক:
{variant_list}",stock|variant|inquiry,false,189,2024-08-03T12:00:00Z,2024-08-03T12:00:00Z
resp-060,Bulk Stock Quote,Products & Inventory,Stock Inquiry,"Hi {customer_name}, for bulk orders of {product_name} ({quantity} units), we can offer ₹{bulk_price}/unit. Estimated dispatch: {dispatch_time}. Shall I hold this quote for 48 hours?","नमस्ते {customer_name}, {product_name} के बल्क ऑर्डर ({quantity} यूनिट) के लिए ₹{bulk_price}/यूनिट दे सकते हैं। डिस्पैच: {dispatch_time}। 48 घंटे के लिए रखूँ?",{product_name} bulk ({quantity} units) ke liye ₹{bulk_price}/unit. Dispatch: {dispatch_time}. 48 ghante hold karu?,{product_name} বাল্ক ({quantity} ইউনিট) মূল্য ₹{bulk_price}/ইউনিট।,stock|bulk|quote,false,231,2024-08-03T12:00:00Z,2024-08-07T12:00:00Z
resp-061,Product Specs,Products & Inventory,Product Info,"Hi {customer_name}, here are the specifications for {product_name}:
• {spec_1}
• {spec_2}
• {spec_3}
Price: ₹{price}. Any other questions?","नमस्ते {customer_name}, {product_name} के विशेषताएँ:
• {spec_1}
• {spec_2}
• {spec_3}
कीमत: ₹{price}। और कुछ पूछें?","{product_name} specs:
• {spec_1}
• {spec_2}
• {spec_3}
Price: ₹{price}.","{product_name} স্পেকস:
• {spec_1}
• {spec_2}
মূল্য: ₹price}।",product|specs|info,false,73,2024-07-29T12:00:00Z,2024-08-03T12:00:00Z
resp-062,Product Pricing,Products & Inventory,Product Info,"Hi {customer_name}, {product_name} is priced at ₹{price}. We offer quantity discounts: 5+ units get 5% off, 10+ units get 10% off. Cash on Delivery is available.","नमस्ते {customer_name}, {product_name} की कीमत ₹{price} है। 5+ पर 5%, 10+ पर 10% छूट। COD भी उपलब्ध।","{product_name} price ₹{price}. 5+ par 5%, 10+ par 10% off. COD bhi available.","{product_name} মূল্য ₹{price}। 5+ এ 5%, 10+ এ 10% ছাড়।",product|pricing|info,false,33,2024-08-25T12:00:00Z,2024-08-27T12:00:00Z
resp-063,Product Care Instructions,Products & Inventory,Product Info,"Hi {customer_name}, to keep your {product_name} looking new:
• {care_tip_1}
• {care_tip_2}
• {care_tip_3}
Let us know if you have any questions.","नमस्ते {customer_name}, {product_name} को नया रखने के लिए:
• {care_tip_1}
• {care_tip_2}
• {care_tip_3}","{product_name} ko naya rakhne ke liye:
• {care_tip_1}
• {care_tip_2}
• {care_tip_3}","{product_name} নতুন রাখতে:
• {care_tip_1}
• {care_tip_2}",product|care|info,false,45,2024-08-19T12:00:00Z,2024-08-22T12:00:00Z
resp-064,Product Sizing Guide,Products & Inventory,Product Info,"Hi {customer_name}, here's the sizing guide for {product_name}:
{size_chart}
If you're between sizes, we recommend going up. Free exchange within 7 days if it doesn't fit.","नमस्ते {customer_name}, {product_name} की साइज़ गाइड:
{size_chart}
साइज़ के बीच हो तो बड़ा चुनें। 7 दिन में मुफ़्त एक्सचेंज।","{product_name} size guide:
{size_chart}
Between size ho toh bada chunein. 7 din free exchange.","{product_name} সাইজ গাইড:
{size_chart}",product|sizing|guide,false,249,2024-09-15T12:00:00Z,2024-09-15T12:00:00Z
resp-065,Product Comparison,Products & Inventory,Product Info,"Hi {customer_name}, here's a quick comparison of {product_a} vs {product_b}:
• Price: ₹{price_a} vs ₹{price_b}
• {compare_point_1}
• {compare_point_2}
Let me know which fits your need.","नमस्ते {customer_name}, {product_a} vs {product_b} तुलना:
• कीमत: ₹{price_a} vs ₹{price_b}
• {compare_point_1}
• {compare_point_2}
कौन सा चाहिए?","{product_a} vs {product_b}:
• Price: ₹{price_a} vs ₹{price_b}
• {compare_point_1}
Kaun sa chahiye?","{product_a} vs {product_b} তুলনা:
• মূল্য: ₹{price_a} vs ₹{price_b}",product|comparison|info,false,189,2024-07-21T12:00:00Z,2024-07-23T12:00:00Z
resp-066,Product Warranty Info,Products & Inventory,Product Info,"Hi {customer_name}, {product_name} comes with a {warranty_period} warranty covering manufacturing defects. Wear and tear isn't covered. Keep your invoice for claims.","नमस्ते {customer_name}, {product_name} को {warranty_period} वारंटी मिलती है, जो निर्माण दोष कवर करती है। इनवॉइस सुरक्षित रखें।","{product_name} ko {warranty_period} warranty, manufacturing defects cover. Invoice safe rakho.",{product_name} {warranty_period} ওয়ারেন্টি। ইনভয়েস সংরক্ষণ করুন।,product|warranty|info,false,200,2024-08-14T12:00:00Z,2024-08-15T12:00:00Z
resp-067,Variant Options,Products & Inventory,Variants & Add-ons,"Hi {customer_name}, {product_name} is available in {variant_count} variants:
{variant_list}
Would you like to order a specific one?","नमस्ते {customer_name}, {product_name} {variant_count} वेरिएंट में उपलब्ध:
{variant_list}
कोई खास ऑर्डर करें?","{product_name} {variant_count} variants mein:
{variant_list}
Koi khaas order?","{product_name} {variant_count} ভ্যারিয়েন্টে:
{variant_list}",variant|options|info,false,238,2024-08-14T12:00:00Z,2024-08-14T12:00:00Z
resp-068,Add-on Suggestion,Products & Inventory,Variants & Add-ons,"Hi {customer_name}, many customers buying {product_name} also pick up {addon_name} (₹{addon_price}). Want to add it to your order before checkout?","नमस्ते {customer_name}, {product_name} के साथ {addon_name} (₹{addon_price}) भी लेने वाले खरीदार। ऑर्डर में जोड़ना चाहें?",{product_name} ke saath {addon_name} (₹{addon_price}) bhi lete hain. Add karein?,{product_name}-এর সাথে {addon_name} (₹{addon_price}) নিন।,addon|suggestion|upsell,false,165,2024-07-22T12:00:00Z,2024-07-24T12:00:00Z
resp-069,Custom Variant Available,Products & Inventory,Variants & Add-ons,"Hi {customer_name}, we can customize {product_name} in {custom_options}. Lead time: {lead_time}. Custom orders are non-returnable. Shall I share a quote?","नमस्ते {customer_name}, {product_name} को {custom_options} में कस्टमाइज़ कर सकते हैं। समय: {lead_time}। कस्टम ऑर्डर वापसी योग्य नहीं। बताएँ?",{product_name} ko {custom_options} mein customize kar sakte hain. Time: {lead_time}. Quote doon?,{product_name} {custom_options}-এ কাস্টমাইজ করতে পারি।,variant|custom|info,false,168,2024-07-24T12:00:00Z,2024-07-28T12:00:00Z
resp-070,Bundle Offer,Products & Inventory,Variants & Add-ons,"Hi {customer_name}, we've created a bundle: {product_name} + {bundle_items} for ₹{bundle_price} (save ₹{savings}!). Shall I add it to your cart?","नमस्ते {customer_name}, बंडल: {product_name} + {bundle_items} सिर्फ़ ₹{bundle_price} (₹{savings} बचत!)। कार्ट में जोड़ूँ?",Bundle: {product_name} + {bundle_items} sirf ₹{bundle_price} (₹{savings} bachat!). Cart mein add karu?,বান্ডল: {product_name} + {bundle_items} মাত্র ₹{bundle_price} (₹{savings} সাশ্রয়!)।,variant|bundle|offer,true,151,2024-08-08T12:00:00Z,2024-08-09T12:00:00Z
resp-071,Out of Stock - Notify,Products & Inventory,Out of Stock,"Hi {customer_name}, {product_name} is currently out of stock. We can add you to our priority notify list — you'll get a message the moment it's back. Want me to?","नमस्ते {customer_name}, {product_name} अभी स्टॉक में नहीं है। प्राथमिकता सूचनी सूची में जोड़ सकते हैं — वापस आते ही संदेश मिलेगा। करूँ?",{product_name} abhi out of stock. Notify list mein add karu? Wapas aate hi message milega.,{product_name} এখন স্টক নেই। নোটিফাই লিস্টে যোগ করি?,stock|out|notify,false,200,2024-08-23T12:00:00Z,2024-08-24T12:00:00Z
resp-072,Out of Stock - Alternate,Products & Inventory,Out of Stock,"Hi {customer_name}, {product_name} is out of stock, but I found a similar option: {alternate_name} at ₹{alternate_price}. Want me to share more details or hold your order?","नमस्ते {customer_name}, {product_name} स्टॉक में नहीं, लेकिन एक समान विकल्प मिला: {alternate_name} (₹{alternate_price})। विवरण भेजूँ या ऑर्डर रोकूँ?","{product_name} nahi hai, similar option: {alternate_name} (₹{alternate_price}). Details bheju ya order rodu?","{product_name} স্টক নেই, সমজাতীয়: {alternate_name} (₹{alternate_price})।",stock|out|alternate,false,249,2024-08-12T12:00:00Z,2024-08-16T12:00:00Z
resp-073,Out of Stock - Pre-order,Products & Inventory,Out of Stock,"Hi {customer_name}, {product_name} is available for pre-order. Estimated restock: {restock_date}. Pre-order now at ₹{price} and we'll ship the moment stock arrives.","नमस्ते {customer_name}, {product_name} प्री-ऑर्डर के लिए उपलब्ध। अनुमानित रीस्टॉक: {restock_date}। अभी ₹{price} में प्री-ऑर्डर करें।",{product_name} pre-order ke liye. Restock: {restock_date}. Abhi ₹{price} mein pre-order karo.,{product_name} প্রি-অর্ডার। রিস্টক: {restock_date}।,stock|out|preorder,false,5,2024-07-19T12:00:00Z,2024-07-23T12:00:00Z
resp-074,Customization Quote,Products & Inventory,Customization,"Hi {customer_name}, we can customize {product_name} with your requirements ({custom_specs}). Quote: ₹{quote_amount}. Lead time: {lead_time}. Shall I proceed?","नमस्ते {customer_name}, {product_name} को आपकी ज़रूरत ({custom_specs}) के अनुसार कस्टमाइज़ कर सकते हैं। कोट: ₹{quote_amount}। समय: {lead_time}।",{product_name} ko customize kar sakte hain ({custom_specs}). Quote: ₹{quote_amount}. Time: {lead_time}.,{product_name} কাস্টমাইজ ({custom_specs})। কোট: ₹{quote_amount}।,custom|quote|info,false,130,2024-08-26T12:00:00Z,2024-08-26T12:00:00Z
resp-075,Custom Order Confirmation,Products & Inventory,Customization,"Hi {customer_name}, your custom order for {product_name} ({custom_specs}) is confirmed at ₹{quote_amount}. Lead time: {lead_time}. We'll share progress photos as we go.","नमस्ते {customer_name}, {product_name} कस्टम ऑर्डर ({custom_specs}) ₹{quote_amount} में कन्फर्म। समय: {lead_time}। प्रोग्रेस फोटो शेयर करेंगे।",Custom order {product_name} ({custom_specs}) ₹{quote_amount} confirm. Time: {lead_time}.,কাস্টম অর্ডার {product_name} কনফার্ম। সময়: {lead_time}।,custom|order|confirmation,false,242,2024-09-08T12:00:00Z,2024-09-10T12:00:00Z
resp-076,Custom Design Help,Products & Inventory,Customization,"Hi {customer_name}, I'd love to help with customizing {product_name}. Please share your design references or describe what you have in mind, and I'll get our design team to revert.","नमस्ते {customer_name}, {product_name} को कस्टमाइज़ करने में मदद करूँगा। डिज़ाइन रेफरेंस या विचार शेयर करें, टीम जवाब देगी।",{product_name} customize karne mein madad karunga. Design reference share karo.,{product_name} কাস্টমাইজ করতে সাহায্য করব। ডিজাইন শেয়ার করুন।,custom|design|help,false,217,2024-07-21T12:00:00Z,2024-07-23T12:00:00Z
resp-077,Payment Failed - Retry,Payments & Billing,Payment Failed,"Hi {customer_name}, your payment for order #{order_id} of ₹{amount} didn't go through. Reason: {failure_reason}. Please retry with another payment method: {payment_link}","नमस्ते {customer_name}, ऑर्डर #{order_id} के लिए ₹{amount} पेमेंट नहीं हुआ। कारण: {failure_reason}। दूसरा मेथड आज़माएँ: {payment_link}","Payment ₹{amount} fail ho gaya, reason: {failure_reason}. Doosra method try karein: {payment_link}","পেমেন্ট ₹{amount} ব্যর্থ, কারণ: {failure_reason}। অন্য মাধ্যমে চেষ্টা করুন: {payment_link}",payment|failed|retry,true,79,2024-08-31T12:00:00Z,2024-09-01T12:00:00Z
resp-078,Payment Failed - Bank Decline,Payments & Billing,Payment Failed,"Hi {customer_name}, your bank declined the payment for order #{order_id}. Please check with your bank or try a different card/UPI ID: {payment_link}","नमस्ते {customer_name}, बैंक ने ऑर्डर #{order_id} का पेमेंट अस्वीकार कर दिया। बैंक से जाँचें या दूसरा कार्ड/UPI आज़माएँ: {payment_link}",Bank ne payment decline ki. Bank se check karo ya doosra card/UPI try karo: {payment_link},ব্যাংক পেমেন্ট প্রত্যাখ্যান করেছে। অন্য কার্ড/UPI চেষ্টা করুন।,payment|failed|bank,false,150,2024-07-21T12:00:00Z,2024-07-21T12:00:00Z
resp-079,Payment Failed - Insufficient Funds,Payments & Billing,Payment Failed,"Hi {customer_name}, your payment for order #{order_id} was declined due to insufficient funds. Please top up and retry: {payment_link}","नमस्ते {customer_name}, ऑर्डर #{order_id} का पेमेंट अपर्याप्त राशि के कारण अस्वीकृत। बैलेंस रिचार्ज करके पुनः आज़माएँ: {payment_link}",Payment insufficient funds ki wajah se decline. Balance recharge karke retry karo: {payment_link},পেমেন্ট অপর্যাপ্ত ব্যালেন্সে ব্যর্থ। রিচার্জ করে আবার চেষ্টা করুন।,payment|failed|funds,false,192,2024-09-10T12:00:00Z,2024-09-13T12:00:00Z
resp-080,Payment Failed - Technical,Payments & Billing,Payment Failed,"Hi {customer_name}, a technical issue interrupted your payment for order #{order_id}. Don't worry — your card wasn't charged. Please retry: {payment_link}","नमस्ते {customer_name}, ऑर्डर #{order_id} का पेमेंट तकनीकी समस्या से बाधित। चिंता न करें — कार्ड से पैसे नहीं कटे। पुनः आज़माएँ: {payment_link}",Payment technical issue se fail. Card charge nahi hua. Retry karein: {payment_link},টেকনিক্যাল সমস্যায় পেমেন্ট ব্যর্থ। কার্ড চার্জ হয়নি।,payment|failed|technical,false,22,2024-07-25T12:00:00Z,2024-07-29T12:00:00Z
resp-081,Payment Failed - Follow-up,Payments & Billing,Payment Failed,"Hi {customer_name}, I see your payment for order #{order_id} failed {hours_ago} hours ago. The order is on hold — would you like help completing the payment? Link: {payment_link}","नमस्ते {customer_name}, ऑर्डर #{order_id} का पेमेंट {hours_ago} घंटे पहले असफल था। ऑर्डर होल्ड पर है। पेमेंट पूरा करने में मदद चाहिए? लिंक: {payment_link}",Payment {hours_ago} ghante pehle fail tha. Order hold pe hai. Help chahiye? Link: {payment_link},পেমেন্ট {hours_ago} ঘণ্টা আগে ব্যর্থ। অর্ডার হোল্ডে।,payment|failed|followup,false,37,2024-07-28T12:00:00Z,2024-07-29T12:00:00Z
resp-082,Refund Initiated,Payments & Billing,Refund Status,"Hi {customer_name}, refund of ₹{amount} for order #{order_id} has been initiated. It will reflect in your source account within {refund_days} business days. Reference: {refund_ref}","नमस्ते {customer_name}, ऑर्डर #{order_id} के ₹{amount} रिफंड शुरू हो गया। {refund_days} कार्य दिवसों में खाते में आएगा। रेफरेंस: {refund_ref}",Refund ₹{amount} start ho gaya. {refund_days} working days mein account mein aayega. Ref: {refund_ref},রিফান্ড ₹{amount} শুরু। {refund_days} কর্মদিবসে আসবে।,refund|initiated|status,true,293,2024-08-04T12:00:00Z,2024-08-08T12:00:00Z
resp-083,Refund Processed,Payments & Billing,Refund Status,"Hi {customer_name}, good news! Your refund of ₹{amount} for order #{order_id} has been processed from our end. It should appear in your account in 1-3 business days.","नमस्ते {customer_name}, ऑर्डर #{order_id} के ₹{amount} रिफंड हमारी तरफ से प्रोसेस हो गया। 1-3 दिनों में खाते में आएगा।",Refund ₹{amount} process ho gaya. 1-3 din mein account mein aayega.,রিফান্ড ₹{amount} প্রসেসড। ১-৩ দিনে আসবে।,refund|processed|status,false,72,2024-09-05T12:00:00Z,2024-09-09T12:00:00Z
resp-084,Refund Delayed,Payments & Billing,Refund Status,"Hi {customer_name}, your refund of ₹{amount} for order #{order_id} is taking longer than expected due to bank processing. New ETA: {new_eta}. Reference: {refund_ref}","नमस्ते {customer_name}, ऑर्डर #{order_id} के ₹{amount} रिफंड में बैंक प्रोसेसिंग से ज़्यादा समय लग रहा। नया ETA: {new_eta}। रेफरेंस: {refund_ref}",Refund ₹{amount} bank ki wajah se late ho raha. Naya ETA: {new_eta}.,রিফান্ড ব্যাংকে দেরি হচ্ছে। নতুন ETA: {new_eta}।,refund|delayed|status,false,160,2024-07-22T12:00:00Z,2024-07-25T12:00:00Z
resp-085,Refund to Wallet,Payments & Billing,Refund Status,"Hi {customer_name}, your refund of ₹{amount} for order #{order_id} has been credited to your {store_name} wallet, usable immediately for new orders. Original payment method refund will follow in {refund_days} days.","नमस्ते {customer_name}, ₹{amount} रिफंड आपके {store_name} वॉलेट में आ गया, तुरंत उपयोग कर सकते हैं। मूल पेमेंट मेथड में रिफंड {refund_days} दिनों में आएगा।","Refund ₹{amount} wallet mein aaya, turant use karo. Original method mein {refund_days} din mein aayega.","রিফান্ড ₹{amount} ওয়ালেটে এসেছে, তাৎক্ষণিক ব্যবহার করুন।",refund|wallet|status,false,242,2024-09-02T12:00:00Z,2024-09-06T12:00:00Z
resp-086,Invoice Shared,Payments & Billing,Invoice & GST,"Hi {customer_name}, here's the invoice for order #{order_id} (₹{amount}): {invoice_link}. Keep it for your records and warranty claims.","नमस्ते {customer_name}, ऑर्डर #{order_id} (₹{amount}) का इनवॉइस: {invoice_link}। रिकॉर्ड के लिए रखें।",Order #{order_id} (₹{amount}) ka invoice: {invoice_link}.,অর্ডার #{order_id} (₹{amount}) ইনভয়েস: {invoice_link}।,invoice|shared|billing,false,191,2024-07-29T12:00:00Z,2024-08-03T12:00:00Z
resp-087,GST Invoice Request,Payments & Billing,Invoice & GST,"Hi {customer_name}, to generate a GST invoice for order #{order_id}, please share your GST number and business name. We'll share the GST invoice within 24 hours.","नमस्ते {customer_name}, ऑर्डर #{order_id} के लिए GST इनवॉइस बनाने के लिए GST नंबर और बिज़नेस नाम दें। 24 घंटे में भेज देंगे।",GST invoice ke liye GST number aur business name dein. 24 ghante mein bhej denge.,GST ইনভয়েসের জন্য GST নম্বর ও ব্যবসার নাম দিন।,invoice|gst|request,false,187,2024-09-03T12:00:00Z,2024-09-05T12:00:00Z
resp-088,GST Invoice Shared,Payments & Billing,Invoice & GST,"Hi {customer_name}, your GST invoice for order #{order_id} is ready: {invoice_link}. GSTIN: {gstin}. Please verify and let us know of any discrepancy.","नमस्ते {customer_name}, ऑर्डर #{order_id} का GST इनवॉइस तैयार: {invoice_link}। GSTIN: {gstin}। कृपया जाँच लें।",GST invoice ready: {invoice_link}. GSTIN: {gstin}. Verify kar lein.,GST ইনভয়েস প্রস্তুত: {invoice_link}। GSTIN: {gstin}।,invoice|gst|shared,false,176,2024-08-21T12:00:00Z,2024-08-26T12:00:00Z
resp-089,Price Adjustment,Payments & Billing,Invoice & GST,"Hi {customer_name}, I've adjusted the price of order #{order_id} by ₹{adjustment_amount} as per our discussion. New total: ₹{new_total}. The updated invoice has been emailed to you.","नमस्ते {customer_name}, बातचीत के अनुसार ऑर्डर #{order_id} की कीमत ₹{adjustment_amount} घटा दी। नया कुल: ₹{new_total}। अपडेटेड इनवॉइस ईमेल हो गया।",Order #{order_id} ki price ₹{adjustment_amount} kam kar di. Naya total: ₹{new_total}.,অর্ডার #{order_id} মূল্য ₹{adjustment_amount} কমানো হয়েছে।,invoice|adjustment|billing,false,117,2024-08-23T12:00:00Z,2024-08-27T12:00:00Z
resp-090,UPI Payment Link,Payments & Billing,UPI & Wallets,"Hi {customer_name}, you can pay ₹{amount} for order #{order_id} via UPI using this link: {payment_link}. It accepts all major UPI apps.","नमस्ते {customer_name}, ऑर्डर #{order_id} के ₹{amount} UPI से चुकाएँ: {payment_link}। सभी UPI ऐप स्वीकार।",₹{amount} UPI se pay karo: {payment_link}. Saare UPI apps accept.,₹{amount} UPI দিয়ে পরিশোধ করুন: {payment_link}।,upi|payment|link,false,35,2024-08-18T12:00:00Z,2024-08-19T12:00:00Z
resp-091,Wallet Credit Confirmation,Payments & Billing,UPI & Wallets,"Hi {customer_name}, ₹{amount} has been credited to your {store_name} wallet from {credit_reason}. Current balance: ₹{balance}. Use it on your next order.","नमस्ते {customer_name}, ₹{amount} आपके {store_name} वॉलेट में जमा हुआ ({credit_reason})। वर्तमान बैलेंस: ₹{balance}।",₹{amount} wallet mein add hua ({credit_reason}). Balance: ₹{balance}.,₹{amount} ওয়ালেটে যোগ হয়েছে। ব্যালেন্স: ₹{balance}।,wallet|credit|upi,false,21,2024-09-01T12:00:00Z,2024-09-03T12:00:00Z
resp-092,Wallet Low Balance,Payments & Billing,UPI & Wallets,"Hi {customer_name}, your wallet balance is low (₹{balance}). Top up to use it for faster checkout on future orders: {topup_link}","नमस्ते {customer_name}, वॉलेट बैलेंस कम है (₹{balance})। रिचार्ज करें: {topup_link}",Wallet balance low (₹{balance}). Recharge karein: {topup_link},ওয়ালেট ব্যালেন্স কম (₹{balance})। রিচার্জ করুন।,wallet|low|balance,false,155,2024-09-14T12:00:00Z,2024-09-15T12:00:00Z
resp-093,Coupon Applied,Payments & Billing,Coupons & Discounts,"Hi {customer_name}, coupon code {coupon_code} has been applied to your order #{order_id}. You saved ₹{discount_amount}! New total: ₹{new_total}.","नमस्ते {customer_name}, कूपन कोड {coupon_code} ऑर्डर #{order_id} पर लागू हो गया। ₹{discount_amount} बचत! नया कुल: ₹{new_total}।",Coupon {coupon_code} apply ho gaya. ₹{discount_amount} bachat! Naya total: ₹{new_total}.,কুপন {coupon_code} প্রয়োগ হয়েছে। ₹{discount_amount} সাশ্রয়!,coupon|applied|discount,false,155,2024-09-01T12:00:00Z,2024-09-02T12:00:00Z
resp-094,Coupon Expired,Payments & Billing,Coupons & Discounts,"Hi {customer_name}, the coupon code {coupon_code} has expired. But here's a fresh one just for you: {new_coupon} (valid till {validity}). Apply it at checkout.","नमस्ते {customer_name}, कूपन कोड {coupon_code} एक्स्पायर हो गया। लेकिन नया कोड: {new_coupon} ({validity} तक वैध)। चेकआउट पर लगाएँ।",Coupon {coupon_code} expire ho gaya. Naya code: {new_coupon} ({validity} tak valid).,কুপন {coupon_code} মেয়াদ শেষ। নতুন: {new_coupon} ({validity} পর্যন্ত)।,coupon|expired|discount,false,23,2024-09-15T12:00:00Z,2024-09-15T12:00:00Z
resp-095,Coupon Not Applicable,Payments & Billing,Coupons & Discounts,"Hi {customer_name}, coupon {coupon_code} couldn't be applied because {reason}. Check the coupon terms or try a different code. Active codes: {active_codes}","नमस्ते {customer_name}, कूपन {coupon_code} लागू नहीं हो सका क्योंकि {reason}। शर्तें देखें या दूसरा आज़माएँ। एक्टिव कोड: {active_codes}",Coupon {coupon_code} apply nahi hua kyunki {reason}. Doosra try karo. Active: {active_codes},কুপন {coupon_code} প্রয়োগ হয়নি কারণ {reason}।,coupon|not-applied|discount,false,20,2024-08-06T12:00:00Z,2024-08-07T12:00:00Z
resp-096,Escalation Acknowledgment,Customer Support,Escalation,"Hi {customer_name}, I've escalated your case to our senior team. Ticket #{ticket_id} is now marked priority. A specialist will reach out within {response_time}.","नमस्ते {customer_name}, आपका केस सीनियर टीम को भेज दिया। टिकट #{ticket_id} प्राथमिकता पर है। विशेषज्ञ {response_time} में संपर्क करेगा।",Case senior team ko bhej diya. Ticket #{ticket_id} priority pe hai. Specialist {response_time} mein contact karega.,কেস সিনিয়র টিমে পাঠানো হয়েছে। টিকিট #{ticket_id} অগ্রাধিকার।,escalation|priority|ticket,true,66,2024-09-11T12:00:00Z,2024-09-13T12:00:00Z
resp-097,Manager Escalation,Customer Support,Escalation,"Hi {customer_name}, I'm escalating your case to my manager {manager_name} given the urgency. They'll personally review and respond by {response_time}.","नमस्ते {customer_name}, ज़रूरी होने से आपका केस मैनेजर {manager_name} को भेज रहा। वे स्वयं जाँच कर {response_time} तक जवाब देंगे।",Case manager {manager_name} ko bhej raha. Wo personally review karke {response_time} tak reply denge.,কেস ম্যানেজার {manager_name}-কে পাঠানো হলো।,escalation|manager|priority,false,136,2024-09-11T12:00:00Z,2024-09-12T12:00:00Z
resp-098,Escalation Resolved,Customer Support,Escalation,"Hi {customer_name}, I'm glad to share that your escalated ticket #{ticket_id} is now resolved. Please confirm if everything looks good. We value your patience throughout this.","नमस्ते {customer_name}, एस्कलेटेड टिकट #{ticket_id} हल हो गया। कृपया कन्फर्म करें कि सब ठीक है। धैर्य के लिए धन्यवाद।",Escalated ticket #{ticket_id} solve ho gaya. Confirm karein ki sab theek hai.,এসকেলেটেড টিকিট #{ticket_id} সমাধান হয়েছে। কনফার্ম করুন।,escalation|resolved|ticket,false,176,2024-08-29T12:00:00Z,2024-09-01T12:00:00Z
resp-099,Escalation - Compensation Offer,Customer Support,Escalation,"Hi {customer_name}, given the inconvenience caused, I'd like to offer {compensation_offer} as a goodwill gesture, on top of resolving your issue. Let me know if that works for you.","नमस्ते {customer_name}, हुई असुविधा के लिए समस्या हल के साथ {compensation_offer} देना चाहता हूँ। ठीक है बताएँ।",Inconvenience ke liye issue solve ke saath {compensation_offer} dena chahta hoon. Theek hai?,অসুবিধার জন্য সমস্যা সমাধানের সাথে {compensation_offer} দিচ্ছি।,escalation|compensation|offer,true,326,2024-09-02T12:00:00Z,2024-09-03T12:00:00Z
resp-100,Complaint Acknowledgment,Customer Support,Complaint Handling,"Hi {customer_name}, I'm sorry to hear about your experience. I've logged your complaint (#{ticket_id}) and will personally own it to resolution. You'll hear from me within {response_time}.","नमस्ते {customer_name}, आपके अनुभव के लिए खेद है। शिकायत (#{ticket_id}) दर्ज कर ली, स्वयं इसे समाधान तक ले जाऊँगा। {response_time} में जवाब दूँगा।","Complaint (#{ticket_id}) log kar li. Khud solve karunga, {response_time} mein reply dunga.",অভিযোগ (#{ticket_id}) লগ করেছি। নিজে সমাধান করব।,complaint|acknowledgment|ticket,true,342,2024-07-31T12:00:00Z,2024-08-04T12:00:00Z
resp-101,Complaint Resolution,Customer Support,Complaint Handling,"Hi {customer_name}, I've resolved your complaint #{ticket_id}. Here's what we did: {resolution_summary}. Please confirm if this addresses your concern fully.","नमस्ते {customer_name}, शिकायत #{ticket_id} हल हो गई। किया गया: {resolution_summary}। कृपया कन्फर्म करें।",Complaint #{ticket_id} solve ho gaya. Kiya: {resolution_summary}. Confirm karein.,অভিযোগ #{ticket_id} সমাধান হয়েছে। করা হয়েছে: {resolution_summary}।,complaint|resolution|ticket,false,67,2024-08-16T12:00:00Z,2024-08-19T12:00:00Z
resp-102,Complaint Follow-up,Customer Support,Complaint Handling,"Hi {customer_name}, following up on your complaint #{ticket_id}. Has the resolution worked for you, or is there anything else we can do? Your satisfaction matters.","नमस्ते {customer_name}, शिकायत #{ticket_id} पर फॉलोअप। समाधान काम कर गया या और कुछ कर सकें? आपकी संतुष्टि मायने रखती है।",Complaint #{ticket_id} followup. Solution kaam gaya ya kuch aur karein?,অভিযোগ #{ticket_id} ফলোআপ। সমাধান কাজ করেছে কি?,complaint|followup|satisfaction,false,109,2024-07-26T12:00:00Z,2024-07-27T12:00:00Z
resp-103,Service Recovery Offer,Customer Support,Complaint Handling,"Hi {customer_name}, I'm sorry we fell short. As recovery, I'd like to offer: {recovery_offer}. I hope this helps restore your trust in {store_name}.","नमस्ते {customer_name}, कमी के लिए क्षमा। समाधान के लिए ऑफर: {recovery_offer}। आशा है {store_name} पर भरोसा वापस आएगा।",Sorry for the lapse. Recovery offer: {recovery_offer}.,অসুবিধার জন্য ক্ষমা। পুনরুদ্ধার: {recovery_offer}।,complaint|recovery|offer,false,29,2024-09-09T12:00:00Z,2024-09-14T12:00:00Z
resp-104,Satisfaction Survey,Customer Support,Satisfaction Check,"Hi {customer_name}, we'd love to know how we did on ticket #{ticket_id}. Quick 1-minute survey: {survey_link}. Your feedback directly shapes how we improve.","नमस्ते {customer_name}, टिकट #{ticket_id} पर हम कैसे रहे, बताएँ। 1 मिनट का सर्वे: {survey_link}। आपकी फीडबैक से सुधार होता है।","Ticket #{ticket_id} pe hum kaise rahe, batao. 1 min survey: {survey_link}.","টিকিট #{ticket_id}-এ আমরা কেমন ছিলাম, জানান। সার্ভে: {survey_link}।",satisfaction|survey|feedback,false,95,2024-08-19T12:00:00Z,2024-08-22T12:00:00Z
resp-105,NPS Rating Request,Customer Support,Satisfaction Check,"Hi {customer_name}, on a scale of 0-10, how likely are you to recommend {store_name} to a friend? Reply with a number and any feedback — we read every response.","नमस्ते {customer_name}, 0-10 के पैमाने पर, {store_name} को दोस्त को सुझाने की संभावना कितनी? नंबर और फीडबैक भेजें।","0-10 scale pe, {store_name} ko recommend karne ki possibility? Number reply karo.","0-10 স্কেলে, {store_name} সুপারিশ করার সম্ভাবনা?",satisfaction|nps|rating,false,124,2024-08-20T12:00:00Z,2024-08-25T12:00:00Z
resp-106,Negative Feedback Follow-up,Customer Support,Satisfaction Check,"Hi {customer_name}, I noticed you rated us {rating}/10. I'd love to understand what went wrong and make it right. Could we schedule a quick call at your convenience?","नमस्ते {customer_name}, आपने हमें {rating}/10 दिया। क्या गलत हुआ, समझकर ठीक करना चाहूँगा। कॉल शेड्यूल करें?",Aapne {rating}/10 diya. Kya galat hua samajh ke theek karunga. Call schedule karein?,আপনি {rating}/10 দিয়েছেন। কী ভুল হলো জানান।,satisfaction|negative|feedback,false,177,2024-09-12T12:00:00Z,2024-09-15T12:00:00Z
resp-107,Proactive Follow-up,Customer Support,Follow-up,"Hi {customer_name}, just checking in on your recent order #{order_id}. Is everything to your satisfaction? If anything isn't right, please let me know — I'm here to help.","नमस्ते {customer_name}, हाल के ऑर्डर #{order_id} पर चेक-इन। सब कुछ ठीक है? कुछ गलत हो तो बताएँ, मैं मदद करूँगा।",Recent order #{order_id} pe check-in. Sab theek hai? Kuch galat ho toh batao.,সাম্প্রতিক অর্ডার #{order_id}। সব ঠিক আছে?,followup|proactive|order,false,30,2024-08-05T12:00:00Z,2024-08-05T12:00:00Z
resp-108,Issue Resolution Follow-up,Customer Support,Follow-up,"Hi {customer_name}, following up on ticket #{ticket_id} — is everything working as expected now? If you're still facing issues, I'll reopen the case right away.","नमस्ते {customer_name}, टिकट #{ticket_id} पर फॉलोअप — सब ठीक चल रहा है? अगर अब भी समस्या हो तो तुरंत रीओपन करूँगा।",Ticket #{ticket_id} followup. Sab theek? Problem ho toh reopen karu.,টিকিট #{ticket_id} ফলোআপ। সব ঠিক?,followup|resolution|ticket,false,191,2024-08-21T12:00:00Z,2024-08-23T12:00:00Z
resp-109,Re-engagement,Customer Support,Follow-up,"Hi {customer_name}, it's been a while since your last order with {store_name}. We've added new products and offers you might love. Use code COMEBACK15 for 15% off your next order.","नमस्ते {customer_name}, {store_name} से पिछला ऑर्डर काफ़ी पुराना हो गया। नए प्रोडक्ट और ऑफर आए। कोड COMEBACK15 से 15% छूट पाएँ।",Pichla order kaafi purana ho gaya. Naye products aur offers aaye. COMEBACK15 se 15% off.,শেষ অর্ডার অনেক পুরনো। COMEBACK15 কোডে ১৫% ছাড়।,followup|reengagement|offer,false,225,2024-07-26T12:00:00Z,2024-07-26T12:00:00Z
resp-110,FAQ - Shipping Cost,Customer Support,FAQ Answers,"Hi {customer_name}, shipping cost depends on your location and order value. Orders above ₹{free_ship_threshold} ship free; below that, a flat ₹{shipping_cost} applies. Use pincode check at checkout for exact cost.","नमस्ते {customer_name}, शिपिंग लोकेशन और ऑर्डर मूल्य पर निर्भर। ₹{free_ship_threshold} से ऊपर फ्री; नीचे पर ₹{shipping_cost}। चेकआउट पर पिनकोड चेक करें।",Shipping location aur order value pe depend. ₹{free_ship_threshold} se upar free; niche ₹{shipping_cost}.,শিপিং লোকেশন ও অর্ডার মূল্যের উপর নির্ভর। ₹{free_ship_threshold}-এর উপর ফ্রি।,faq|shipping|cost,false,54,2024-08-31T12:00:00Z,2024-09-01T12:00:00Z
resp-111,FAQ - Delivery Time,Customer Support,FAQ Answers,"Hi {customer_name}, standard delivery takes {standard_days} business days. Metro cities usually get next-day delivery. Remote pincodes may take {remote_days} days. You'll see exact ETA at checkout.","नमस्ते {customer_name}, स्टैंडर्ड डिलीवरी {standard_days} दिन। मेट्रो में अक्सर अगले दिन। दूरस्थ पिनकोड में {remote_days} दिन। सटीक ETA चेकआउट पर।",Standard delivery {standard_days} din. Metro mein next day. Remote mein {remote_days} din.,স্ট্যান্ডার্ড ডেলিভারি {standard_days} দিন। মেট্রোতে পরের দিন।,faq|delivery|time,false,119,2024-08-12T12:00:00Z,2024-08-13T12:00:00Z
resp-112,FAQ - Returns Policy,Customer Support,FAQ Answers,"Hi {customer_name}, we offer 7-day easy returns. Items must be unused with original tags. Initiate return from your account, and we'll arrange pickup within 48 hours.","नमस्ते {customer_name}, 7-दिन की आसान रिटर्न। आइटम अप्रयुक्त, मूल टैग के साथ। अकाउंट से रिटर्न शुरू करें, 48 घंटे में पिकअप।","7-din ki easy return. Item unused, original tags. Account se return start karo, 48 ghante mein pickup.","৭-দিনের সহজ রিটার্ন। আইটেম অব্যবহৃত, অরিজিনাল ট্যাগ।",faq|returns|policy,true,143,2024-08-19T12:00:00Z,2024-08-21T12:00:00Z
resp-113,FAQ - COD Availability,Customer Support,FAQ Answers,"Hi {customer_name}, Cash on Delivery is available in most pincodes across India. Some remote areas may not have COD — you'll see the option at checkout based on your pincode.","नमस्ते {customer_name}, भारत भर के ज़्यादातर पिनकोड में COD उपलब्ध। कुछ दूरस्थ क्षेत्रों में नहीं — चेकआउट पर पिनकोड डालकर देखें।",COD zyada tar pincodes mein hai. Kuch remote mein nahi — checkout pe pincode daal ke dekho.,ভারতের বেশিরভাগ পিনকোডে COD আছে।,faq|cod|availability,false,68,2024-08-17T12:00:00Z,2024-08-17T12:00:00Z
resp-114,FAQ - Custom Domain,Customer Support,FAQ Answers,"Hi {customer_name}, yes, you can use your own domain with {store_name}! Connect it from Settings → Domain. Our team will help with DNS setup if needed.","नमस्ते {customer_name}, हाँ, अपना डोमेन {store_name} से जोड़ सकते हैं! Settings → Domain से कनेक्ट करें। DNS में मदद करेंगे।","Haan, apna domain {store_name} se jod sakte ho! Settings → Domain. DNS mein madad karenge.","হ্যাঁ, নিজের ডোমেন যুক্ত করা যায়! Settings → Domain।",faq|domain|setup,false,211,2024-08-18T12:00:00Z,2024-08-22T12:00:00Z
resp-115,Flash Sale Announcement,Marketing & Promotions,Offers & Sales,🔥 FLASH SALE! {discount}% off everything at {store_name} for the next {duration} hours only. Use code {code} at checkout. Stock is limited — shop now!,"🔥 फ्लैश सेल! {store_name} में सब पर {discount}% छूट, सिर्फ़ अगले {duration} घंटों के लिए। कोड {code} लगाएँ। स्टॉक सीमित!","🔥 Flash sale! {discount}% off everything, next {duration} hours. Code: {code}. Limited stock!","🔥 ফ্ল্যাশ সেল! {discount}% ছাড়, পরবর্তী {duration} ঘণ্টা। কোড: {code}।",marketing|flash-sale|offer,true,75,2024-09-09T12:00:00Z,2024-09-14T12:00:00Z
resp-116,Seasonal Sale,Marketing & Promotions,Offers & Sales,"Hi {customer_name}, our {season} sale is live! Up to {max_discount}% off on {categories}. Plus, free shipping on orders above ₹{threshold}. Shop before it ends {end_date}.","नमस्ते {customer_name}, {season} सेल लाइव! {categories} पर {max_discount}% तक छूट। ₹{threshold} से ऊपर फ्री शिपिंग। {end_date} तक।",{season} sale live! {categories} pe {max_discount}% off. ₹{threshold} se upar free shipping. {end_date} tak.,{season} সেল লাইভ! {categories}-এ {max_discount}% ছাড়।,marketing|seasonal|sale,false,219,2024-08-12T12:00:00Z,2024-08-12T12:00:00Z
resp-117,BOGO Offer,Marketing & Promotions,Offers & Sales,"Hi {customer_name}, Buy 1 Get 1 FREE on {product_category} this week only at {store_name}! Add 2 to cart and discount applies automatically. Limited stock.","नमस्ते {customer_name}, {product_category} पर इस हफ़्ते Buy 1 Get 1 FREE! कार्ट में 2 डालें, छूट अपने आप लगेगी। स्टॉक सीमित।","Buy 1 Get 1 FREE on {product_category} this week! 2 cart mein daalo, discount auto lagega.",{product_category}-এ Buy 1 Get 1 FREE! কার্টে ২ যোগ করুন।,marketing|bogo|offer,true,171,2024-09-10T12:00:00Z,2024-09-11T12:00:00Z
resp-118,Clearance Sale,Marketing & Promotions,Offers & Sales,"Hi {customer_name}, our clearance sale is on — up to {discount}% off on last-stock items. Once they're gone, they're gone! Shop now: {sale_link}","नमस्ते {customer_name}, क्लीयरेंस सेल लाइव — आख़िरी स्टॉक पर {discount}% तक छूट। ख़त्म होने पर दोबारा नहीं! शॉप: {sale_link}",Clearance sale — up to {discount}% off last-stock. Gone means gone! Shop: {sale_link},ক্লিয়ারেন্স সেল — {discount}% পর্যন্ত ছাড়।,marketing|clearance|sale,false,129,2024-08-20T12:00:00Z,2024-08-23T12:00:00Z
resp-119,Member Exclusive Offer,Marketing & Promotions,Offers & Sales,"Hi {customer_name}, as a valued {store_name} member, here's an exclusive {discount}% off your next order. Code: {code} (valid {validity}). Not advertised publicly — enjoy!","नमस्ते {customer_name}, मूल्यवान सदस्य के रूप में अगले ऑर्डर पर विशेष {discount}% छूट। कोड: {code} ({validity} तक)। सार्वजनिक नहीं — ज़रूर लागू करें!",Valued member ke liye {discount}% off. Code: {code} ({validity} tak). Public nahi — apply zaroor!,মূল্যবান সদস্যের জন্য {discount}% ছাড়। কোড: {code}।,marketing|member|exclusive,false,226,2024-09-02T12:00:00Z,2024-09-05T12:00:00Z
resp-120,Product Launch Teaser,Marketing & Promotions,Product Launch,"Something big is coming... 👀 In just {days} days, we're unveiling {product_name} at {store_name}. Sign up for early access: {signup_link}",कुछ बड़ा आ रहा है... 👀 {days} दिनों में {product_name} लॉन्च। प्रारंभिक पहुँच के लिए साइन अप: {signup_link},Kuch bada aa raha hai... {days} din mein {product_name} launch. Early access: {signup_link},কিছু বড় আসছে... {days} দিনে {product_name} লঞ্চ।,marketing|launch|teaser,false,20,2024-07-20T12:00:00Z,2024-07-21T12:00:00Z
resp-121,Product Launch Live,Marketing & Promotions,Product Launch,🚀 It's live! {product_name} is now available at {store_name}. Order in the first 24 hours to get {earlybird_offer}! Shop now: {product_link},"🚀 लाइव! {product_name} अब {store_name} पर उपलब्ध। पहले 24 घंटे में ऑर्डर करें, {earlybird_offer} पाएँ! शॉप: {product_link}","🚀 Live! {product_name} available. First 24 ghante mein order karo, {earlybird_offer} pao! Shop: {product_link}",🚀 লাইভ! {product_name} এসেছে। প্রথম ২৪ ঘণ্টায় {earlybird_offer}!,marketing|launch|live,true,51,2024-08-22T12:00:00Z,2024-08-25T12:00:00Z
resp-122,Launch Reminder,Marketing & Promotions,Product Launch,"Hi {customer_name}, reminder — {product_name} launches tomorrow at {launch_time}. Set your alarm! Early shoppers get {earlybird_offer}.","नमस्ते {customer_name}, रिमाइंडर — {product_name} कल {launch_time} पर लॉन्च। अलार्म लगाएँ! शुरुआती खरीदारों को {earlybird_offer}।",Reminder — {product_name} kal {launch_time} pe launch. Alarm lagao! Early shoppers ko {earlybird_offer}.,রিমাইন্ডার — {product_name} কাল {launch_time}-এ লঞ্চ।,marketing|launch|reminder,false,242,2024-08-30T12:00:00Z,2024-09-02T12:00:00Z
resp-123,Festive Mega Sale,Marketing & Promotions,Festive Campaigns,🎉 {festival} Mega Sale at {store_name}! Up to {discount}% off + free shipping + extra {coupon_discount}% with code {code}. Shop the festive collection: {link},🎉 {festival} मेगा सेल {store_name} में! {discount}% तक छूट + फ्री शिपिंग + कोड {code} से अतिरिक्त {coupon_discount}%। शॉप: {link},🎉 {festival} mega sale! {discount}% off + free shipping + {code} se extra {coupon_discount}%. Shop: {link},🎉 {festival} মেগা সেল! {discount}% ছাড় + ফ্রি শিপিং।,marketing|festive|sale,true,266,2024-08-28T12:00:00Z,2024-09-02T12:00:00Z
resp-124,Festive Gift Guide,Marketing & Promotions,Festive Campaigns,"Hi {customer_name}, celebrating {festival}? We've curated a gift guide for every budget: {gift_link}. Free gift-wrap and card included on orders above ₹{threshold}.","नमस्ते {customer_name}, {festival} मना रहे हैं? हमने हर बजट के लिए गिफ्ट गाइड बनाया: {gift_link}। ₹{threshold} से ऊपर मुफ़्त रैप और कार्ड।",{festival} mana rahe ho? Gift guide: {gift_link}. ₹{threshold} se upar free wrap aur card.,{festival} উদযাপন? গিফট গাইড: {gift_link}।,marketing|festive|gift,false,205,2024-07-31T12:00:00Z,2024-08-04T12:00:00Z
resp-125,Festive Pre-order,Marketing & Promotions,Festive Campaigns,"Hi {customer_name}, pre-order festive essentials now and save {discount}%. Delivery guaranteed before {festival}. Pre-order link: {preorder_link}","नमस्ते {customer_name}, फेस्टिव ज़रूरी चीज़ें अभी प्री-ऑर्डर करें, {discount}% बचत। {festival} से पहले डिलीवरी गारंटी। लिंक: {preorder_link}","Festive essentials pre-order karo, {discount}% bachat. {festival} se pehle delivery guaranteed.","ফেস্টিভ প্রি-অর্ডার, {discount}% ছাড়।",marketing|festive|preorder,false,188,2024-08-04T12:00:00Z,2024-08-07T12:00:00Z
resp-126,Festive Last Chance,Marketing & Promotions,Festive Campaigns,Last chance for {festival} delivery! 🕒 Order in the next {hours} hours to receive before {festival}. Use code {code} for {discount}% off. Don't miss out!,{festival} डिलीवरी के लिए आख़िरी मौक़ा! 🕒 अगले {hours} घंटों में ऑर्डर करें। कोड {code} से {discount}% छूट। मत चूकें!,Last chance for {festival} delivery! Next {hours} ghante mein order. {code} se {discount}% off.,{festival} ডেলিভারির শেষ সুযোগ! পরবর্তী {hours} ঘণ্টা।,marketing|festive|last-chance,false,53,2024-09-06T12:00:00Z,2024-09-08T12:00:00Z
resp-127,Loyalty Points Earned,Marketing & Promotions,Loyalty & Rewards,"Hi {customer_name}, you've earned {points} loyalty points from your recent order #{order_id}! Total balance: {total_points} points (worth ₹{points_value}). Redeem at checkout.","नमस्ते {customer_name}, ऑर्डर #{order_id} से {points} लॉयल्टी पॉइंट मिले! कुल बैलेंस: {total_points} (₹{points_value} मूल्य)। चेकआउट पर रिडीम करें।",{points} loyalty points mile! Total: {total_points} (₹{points_value}). Checkout pe redeem karo.,অর্ডার #{order_id} থেকে {points} পয়েন্ট! মোট: {total_points} (₹{points_value})।,loyalty|points|rewards,true,79,2024-09-02T12:00:00Z,2024-09-06T12:00:00Z
resp-128,Reward Tier Upgrade,Marketing & Promotions,Loyalty & Rewards,"🎉 Congratulations, {customer_name}! You've been upgraded to our {tier_name} tier. Enjoy {tier_benefits} from now on. Keep shopping to unlock more perks!","🎉 बधाई, {customer_name}! आपको {tier_name} टियर पर अपग्रेड किया गया। अब से {tier_benefits} का लाभ। और परks के लिए खरीदारी जारी रखें!","Badhai, {customer_name}! {tier_name} tier upgrade. Ab se {tier_benefits}.","অভিনন্দন, {customer_name}! {tier_name} টিয়ার আপগ্রেড।",loyalty|tier|upgrade,false,143,2024-07-30T12:00:00Z,2024-07-30T12:00:00Z
resp-129,Refer and Earn,Marketing & Promotions,Loyalty & Rewards,"Hi {customer_name}, refer a friend to {store_name} and you both get {reward_amount} in your wallets! Share your link: {referral_link}","नमस्ते {customer_name}, दोस्त को {store_name} रेफर करें, दोनों को {reward_amount} मिलेंगे! लिंक शेयर करें: {referral_link}","Dost ko refer karo, dono ko {reward_amount} milenge! Link: {referral_link}","বন্ধুকে রেফার করুন, দুজনেই {reward_amount} পাবেন! লিংক: {referral_link}",loyalty|referral|earn,true,210,2024-07-30T12:00:00Z,2024-07-30T12:00:00Z
resp-130,Login OTP Sent,Account & Technical,Login Issues,"Hi {customer_name}, your OTP for {store_name} login is {otp}. Valid for 5 minutes. Don't share it with anyone — not even us.","नमस्ते {customer_name}, {store_name} लॉगिन के लिए OTP: {otp}। 5 मिनट वैध। किसी के साथ शेयर न करें — हमसे भी नहीं।",Login OTP: {otp}. 5 min valid. Kisi ke saath share na karein.,লগইন OTP: {otp}। ৫ মিনিট বৈধ। কারো সাথে শেয়ার করবেন না।,login|otp|security,false,154,2024-09-12T12:00:00Z,2024-09-15T12:00:00Z
resp-131,Login Failed,Account & Technical,Login Issues,"Hi {customer_name}, your login attempt failed. Please double-check your mobile number and OTP. If issue persists, try resetting your account or contact us.","नमस्ते {customer_name}, लॉगिन प्रयास असफल। मोबाइल नंबर और OTP जाँचें। समस्या बनी रहे तो अकाउंट रीसेट करें या संपर्क करें।",Login fail. Mobile aur OTP check karo. Problem ho toh reset karo ya contact karo.,লগইন ব্যর্থ। মোবাইল ও OTP চেক করুন।,login|failed|issue,false,240,2024-08-14T12:00:00Z,2024-08-18T12:00:00Z
resp-132,Account Locked,Account & Technical,Login Issues,"Hi {customer_name}, your account was locked after multiple failed login attempts. Please reset your password or contact support to unlock: {support_link}","नमस्ते {customer_name}, कई असफल लॉगिन के बाद अकाउंट लॉक हो गया। पासवर्ड रीसेट करें या सपोर्ट से अनलॉक कराएँ: {support_link}",Account lock ho gaya. Password reset ya support se unlock: {support_link},অ্যাকাউন্ট লক হয়েছে। পাসওয়ার্ড রিসেট করুন: {support_link},login|locked|security,false,19,2024-09-05T12:00:00Z,2024-09-09T12:00:00Z
resp-133,New Device Login,Account & Technical,Login Issues,"Hi {customer_name}, we detected a login from a new device ({device_info}) at {login_time}. If this was you, ignore this message. If not, please change your password immediately.","नमस्ते {customer_name}, नए डिवाइस ({device_info}) से लॉगिन देखा गया, समय: {login_time}। आप ही थे तो नज़रअंदाज़ करें। नहीं तो पासवर्ड बदलें।","New device ({device_info}) pe login detect. {login_time}. Aap the toh ignore, nahi toh password change karo.",নতুন ডিভাইস থেকে লগইন। আপনি না হলে পাসওয়ার্ড বদলান।,login|new-device|security,true,145,2024-09-10T12:00:00Z,2024-09-10T12:00:00Z
resp-134,Password Reset Link,Account & Technical,Password Reset,"Hi {customer_name}, here's your password reset link: {reset_link}. Valid for 30 minutes. If you didn't request this, please ignore this message.","नमस्ते {customer_name}, पासवर्ड रीसेट लिंक: {reset_link}। 30 मिनट वैध। अनुरोध नहीं किया तो नज़रअंदाज़ करें।",Password reset link: {reset_link}. 30 min valid. Request nahi kiya toh ignore.,পাসওয়ার্ড রিসেট লিংক: {reset_link}। ৩০ মিনিট বৈধ।,password|reset|link,false,22,2024-08-08T12:00:00Z,2024-08-13T12:00:00Z
resp-135,Password Changed,Account & Technical,Password Reset,"Hi {customer_name}, your password was successfully changed at {change_time}. If this wasn't you, please contact support immediately.","नमस्ते {customer_name}, पासवर्ड {change_time} पर सफलतापूर्वक बदला गया। अगर आप नहीं थे तो तुरंत सपोर्ट से संपर्क करें।",Password {change_time} pe change hua. Aap nahi the toh turant support ko contact karo.,পাসওয়ার্ড পরিবর্তিত হয়েছে। আপনি না হলে সাপোর্টে যোগাযোগ করুন।,password|changed|security,false,65,2024-07-22T12:00:00Z,2024-07-25T12:00:00Z
resp-136,Password Reset Reminder,Account & Technical,Password Reset,"Hi {customer_name}, it's been {days} days since you last changed your password. For your account's safety, please consider updating it: {reset_link}","नमस्ते {customer_name}, पासवर्ड बदले {days} दिन हो गए। सुरक्षा के लिए अपडेट करें: {reset_link}",Password {days} din se update nahi. Security ke liye update karo: {reset_link},পাসওয়ার্ড {days} দিন আপডেট হয়নি। আপডেট করুন।,password|reminder|security,false,246,2024-09-08T12:00:00Z,2024-09-12T12:00:00Z
resp-137,Store Setup Welcome,Account & Technical,Store Setup,"Hi {vendor_name}, welcome to {store_name}! Your store dashboard is ready. Let's get you set up: 1) Add your logo, 2) Add products, 3) Configure payment, 4) Launch!","नमस्ते {vendor_name}, {store_name} में स्वागत! डैशबोर्ड तैयार। सेटअप: 1) लोगो, 2) प्रोडक्ट, 3) पेमेंट, 4) लॉन्च!","Welcome {vendor_name}! Dashboard ready. Setup: 1) Logo, 2) Products, 3) Payment, 4) Launch!",স্বাগতম {vendor_name}! ড্যাশবোর্ড প্রস্তুত।,setup|store|vendor,false,153,2024-08-31T12:00:00Z,2024-09-04T12:00:00Z
resp-138,Store Setup Help,Account & Technical,Store Setup,"Hi {vendor_name}, need help setting up your store? I'd recommend starting with our quick setup guide: {guide_link}. Or I can walk you through it — just let me know a convenient time.","नमस्ते {vendor_name}, स्टोर सेटअप में मदद चाहिए? क्विक सेटअप गाइड: {guide_link}। या मैं चलते-चलते समझा सकता हूँ, समय बताएँ।",Setup help chahiye? Quick guide: {guide_link}. Ya main samjha sakta hoon.,স্টোর সেটআপে সাহায্য? গাইড: {guide_link}।,setup|help|vendor,false,163,2024-09-13T12:00:00Z,2024-09-13T12:00:00Z
resp-139,First Product Help,Account & Technical,Store Setup,"Hi {vendor_name}, ready to add your first product? Just go to Products → Add New, upload photos, set price, and you're live! Watch this 2-min video: {video_link}","नमस्ते {vendor_name}, पहला प्रोडक्ट जोड़ने के लिए तैयार? Products → Add New में जाएँ, फोटो अपलोड करें, कीमत लगाएँ, लाइव! वीडियो: {video_link}","Pehla product add karo: Products → Add New. Photos, price, live! Video: {video_link}",প্রথম প্রোডাক্ট যোগ করুন: Products → Add New।,setup|product|vendor,false,173,2024-08-20T12:00:00Z,2024-08-24T12:00:00Z
resp-140,Payment Setup Help,Account & Technical,Store Setup,"Hi {vendor_name}, to accept online payments, link your bank account in Settings → Payment. We support UPI, cards, wallets, and COD. Activation takes 24 hours.","नमस्ते {vendor_name}, ऑनलाइन पेमेंट के लिए Settings → Payment में बैंक अकाउंट जोड़ें। UPI, कार्ड, वॉलेट, COD सपोर्ट। 24 घंटे में एक्टिव।","Online payment ke liye Settings → Payment mein bank add karo. UPI, cards, COD. 24 ghante mein active.",অনলাইন পেমেন্টের জন্য Settings → Payment-এ ব্যাংক যোগ করুন।,setup|payment|vendor,false,138,2024-08-10T12:00:00Z,2024-08-12T12:00:00Z
resp-141,Plugin Recommendation,Account & Technical,Plugin Help,"Hi {vendor_name}, based on your store type, I'd recommend these plugins:
→ {plugin_1}: {plugin_1_benefit}
→ {plugin_2}: {plugin_2_benefit}
Install from Settings → Plugins.","नमस्ते {vendor_name}, स्टोर के अनुसार प्लगइन:
→ {plugin_1}: {plugin_1_benefit}
→ {plugin_2}: {plugin_2_benefit}
Settings → Plugins से इंस्टॉल करें।","Plugin recommendations:
→ {plugin_1}: {plugin_1_benefit}
→ {plugin_2}: {plugin_2_benefit}
Settings → Plugins se install karo.","প্লাগইন সুপারিশ:
→ {plugin_1}: {plugin_1_benefit}",plugin|recommendation|help,false,71,2024-07-18T12:00:00Z,2024-07-19T12:00:00Z
resp-142,Plugin Installation,Account & Technical,Plugin Help,"Hi {vendor_name}, to install {plugin_name} plugin, go to Settings → Plugins → {plugin_name} → Install. Setup takes 2 minutes. Need help? Watch: {video_link}","नमस्ते {vendor_name}, {plugin_name} प्लगइन के लिए Settings → Plugins → {plugin_name} → Install। 2 मिनट में। वीडियो: {video_link}",{plugin_name} install: Settings → Plugins → {plugin_name} → Install. 2 min. Video: {video_link},{plugin_name} প্লাগইন ইনস্টল: Settings → Plugins।,plugin|install|help,false,188,2024-08-04T12:00:00Z,2024-08-06T12:00:00Z
resp-143,Plugin Conflict,Account & Technical,Plugin Help,"Hi {vendor_name}, I see a conflict between {plugin_a} and {plugin_b}. Try disabling {plugin_b} temporarily and check if the issue resolves. If not, share screenshots.","नमस्ते {vendor_name}, {plugin_a} और {plugin_b} में टकराव। {plugin_b} अस्थायी रूप से बंद कर जाँचें। नहीं तो स्क्रीनशॉट भेजें।",{plugin_a} aur {plugin_b} mein conflict. {plugin_b} disable karke check karo.,{plugin_a} ও {plugin_b}-তে কনফ্লিক্ট। {plugin_b} ডিসেবল করুন।,plugin|conflict|help,false,72,2024-08-31T12:00:00Z,2024-09-03T12:00:00Z
resp-144,Domain Connect Help,Account & Technical,Domain & DNS,"Hi {vendor_name}, to connect your custom domain {domain_name} to {store_name}, please add these DNS records:
→ A record: {a_record}
→ CNAME: {cname_record}
DNS propagation: 24-48 hours.","नमस्ते {vendor_name}, {domain_name} को {store_name} से जोड़ने के लिए DNS रिकॉर्ड:
→ A record: {a_record}
→ CNAME: {cname_record}
DNS: 24-48 घंटे।","{domain_name} connect karne ke liye DNS:
→ A record: {a_record}
→ CNAME: {cname_record}
24-48 ghante.",{domain_name} কনেক্ট করতে DNS রেকর্ড যোগ করুন।,domain|dns|connect,false,176,2024-09-07T12:00:00Z,2024-09-12T12:00:00Z
resp-145,Domain SSL Active,Account & Technical,Domain & DNS,"Hi {vendor_name}, SSL certificate is now active for your domain {domain_name}. Your store is accessible at https://{domain_name}. Padlock icon confirms security.","नमस्ते {vendor_name}, डोमेन {domain_name} के लिए SSL एक्टिव। स्टोर https://{domain_name} पर। पैडलॉक सुरक्षा की पुष्टि करता है।",SSL active for {domain_name}. Store at https://{domain_name}.,{domain_name}-এর জন্য SSL অ্যাকটিভ।,domain|ssl|active,false,122,2024-08-27T12:00:00Z,2024-08-29T12:00:00Z
resp-146,Domain Propagation,Account & Technical,Domain & DNS,"Hi {vendor_name}, your domain {domain_name} is propagating. This usually takes 24-48 hours. We'll notify you when it's fully live.","नमस्ते {vendor_name}, डोमेन {domain_name} प्रोपेगेट हो रहा। 24-48 घंटे लगते हैं। पूरी तरह लाइव होने पर सूचित करेंगे।",Domain {domain_name} propagate ho raha. 24-48 ghante. Live hone pe notify karenge.,ডোমেইন প্রপাগেট হচ্ছে। ২৪-৪৮ ঘণ্টা।,domain|propagation|dns,false,197,2024-07-18T12:00:00Z,2024-07-18T12:00:00Z
resp-147,Abandoned Cart Reminder,Cart Recovery,Abandoned Cart,"Hi {customer_name}, we noticed you left some items in your cart at {store_name}. Your selection is saved — complete your order now: {cart_link}","नमस्ते {customer_name}, आपने {store_name} में कुछ आइटम कार्ट में छोड़े। सेलेक्शन सेव है — ऑर्डर पूरा करें: {cart_link}",Cart mein items chhode the. Save hai — order complete karo: {cart_link},কার্টে কিছু আইটেম রেখেছেন। অর্ডার সম্পূর্ণ করুন: {cart_link},abandoned|cart|reminder,true,284,2024-09-15T12:00:00Z,2024-09-15T12:00:00Z
resp-148,Abandoned Cart with Discount,Cart Recovery,Abandoned Cart,"Hi {customer_name}, your cart at {store_name} is waiting! Here's {discount}% off to help you complete the order. Code: {code} (valid {validity}). Cart: {cart_link}","नमस्ते {customer_name}, {store_name} का कार्ट इंतज़ार कर रहा! ऑर्डर पूरा करने के लिए {discount}% छूट। कोड: {code} ({validity} तक)। कार्ट: {cart_link}",Cart wait kar raha! {discount}% off. Code: {code} ({validity} tak). Cart: {cart_link},কার্টে {discount}% ছাড়। কোড: {code}।,abandoned|cart|discount,true,101,2024-08-10T12:00:00Z,2024-08-10T12:00:00Z
resp-149,Abandoned Cart Final Reminder,Cart Recovery,Abandoned Cart,"Hi {customer_name}, this is your last reminder — your cart at {store_name} expires in {hours} hours. Items may go out of stock. Complete now: {cart_link}","नमस्ते {customer_name}, यह आख़िरी रिमाइंडर है — {store_name} का कार्ट {hours} घंटों में एक्सपायर। स्टॉक ख़त्म हो सकता। अभी: {cart_link}",Last reminder — cart {hours} ghanto mein expire. Stock khatam ho sakta. Abhi: {cart_link},শেষ রিমাইন্ডার — কার্ট {hours} ঘণ্টায় মেয়াদ শেষ।,abandoned|cart|final,false,59,2024-08-12T12:00:00Z,2024-08-16T12:00:00Z
resp-150,Abandoned Cart - Stock Risk,Cart Recovery,Abandoned Cart,"Hi {customer_name}, heads up — {product_name} in your cart is low in stock ({stock_count} left). Complete your order soon before it's gone: {cart_link}","नमस्ते {customer_name}, कार्ट में {product_name} स्टॉक कम है ({stock_count} बचे)। जल्दी ऑर्डर पूरा करें: {cart_link}",Cart mein {product_name} low stock ({stock_count} left). Jaldi order complete karo: {cart_link},কার্টে {product_name} কম স্টক ({stock_count} বাকি)।,abandoned|cart|stock,false,38,2024-08-30T12:00:00Z,2024-09-01T12:00:00Z
resp-151,Wishlist Price Drop,Cart Recovery,Reminder Nudge,"Hi {customer_name}, good news! {product_name} in your wishlist just dropped by {discount}%. New price: ₹{new_price}. Grab it now: {product_link}","नमस्ते {customer_name}, विशलिस्ट में {product_name} {discount}% सस्ता हुआ! नया मूल्य: ₹{new_price}। अभी लें: {product_link}",Wishlist {product_name} {discount}% sasta! Naya price: ₹{new_price}. Abhi lo: {product_link},উইশলিস্টের {product_name} {discount}% কম!,wishlist|price-drop|reminder,true,85,2024-07-21T12:00:00Z,2024-07-22T12:00:00Z
resp-152,Wishlist Back in Stock,Cart Recovery,Reminder Nudge,"Hi {customer_name}, {product_name} in your wishlist is back in stock! Order before it sells out again: {product_link}","नमस्ते {customer_name}, विशलिस्ट में {product_name} वापस स्टॉक में! ख़त्म होने से पहले ऑर्डर करें: {product_link}",Wishlist {product_name} wapas stock mein! Order before gone: {product_link},উইশলিস্ট {product_name} ফিরে এসেছে!,wishlist|stock|reminder,false,77,2024-08-23T12:00:00Z,2024-08-24T12:00:00Z
resp-153,Wishlist Reminder,Cart Recovery,Reminder Nudge,"Hi {customer_name}, you have {count} items in your wishlist. Want to revisit and see if any are on offer? View wishlist: {wishlist_link}","नमस्ते {customer_name}, विशलिस्ट में {count} आइटम। ऑफर देखें? विशलिस्ट: {wishlist_link}",Wishlist mein {count} items hain. Offer dekho? {wishlist_link},উইশলিস্টে {count} আইটেম।,wishlist|reminder|view,false,218,2024-08-18T12:00:00Z,2024-08-22T12:00:00Z
resp-154,Cart Free Shipping Incentive,Cart Recovery,Incentive Offer,"Hi {customer_name}, complete your cart now and get free shipping on your order! Just add code FREESHIP at checkout. Cart: {cart_link}","नमस्ते {customer_name}, कार्ट अभी पूरा करें, फ्री शिपिंग! कोड FREESHIP लगाएँ। कार्ट: {cart_link}","Cart abhi complete karo, free shipping! Code FREESHIP. Cart: {cart_link}","কার্ট সম্পূর্ণ করুন, ফ্রি শিপিং! FREESHIP কোড।",cart|incentive|shipping,false,82,2024-08-01T12:00:00Z,2024-08-05T12:00:00Z
resp-155,Cart Scratch Card Reward,Cart Recovery,Incentive Offer,"Hi {customer_name}, complete your order now and unlock a surprise scratch card — win up to ₹{max_reward} in wallet rewards! Cart: {cart_link}","नमस्ते {customer_name}, ऑर्डर पूरा करें और स्क्रैच कार्ड खोलें — ₹{max_reward} तक वॉलेट रिवॉर्ड! कार्ट: {cart_link}",Order complete karo aur scratch card kholo — ₹{max_reward} tak reward! Cart: {cart_link},অর্ডার সম্পূর্ণ করে স্ক্র্যাচ কার্ড খুলুন — ₹{max_reward} পর্যন্ত!,cart|scratch-card|reward,true,320,2024-07-26T12:00:00Z,2024-07-26T12:00:00Z
resp-156,Wishlist to Cart Conversion,Cart Recovery,Wishlist Reminder,"Hi {customer_name}, your wishlist has been waiting! Move items to cart with one tap and checkout in seconds: {wishlist_link}","नमस्ते {customer_name}, विशलिस्ट इंतज़ार कर रही! एक टैप में कार्ट में ले जाएँ: {wishlist_link}",Wishlist intezaar kar rahi! One tap mein cart mein le jao: {wishlist_link},উইশলিস্ট অপেক্ষা করছে! এক ট্যাপে কার্টে।,wishlist|cart|conversion,false,214,2024-08-04T12:00:00Z,2024-08-08T12:00:00Z
resp-157,Wishlist Expiring,Cart Recovery,Wishlist Reminder,"Hi {customer_name}, some items in your wishlist are running low in stock. Don't miss out — move them to cart before they're gone: {wishlist_link}","नमस्ते {customer_name}, विशलिस्ट के कुछ आइटम स्टॉक कम हैं। मत चूकें — कार्ट में ले जाएँ: {wishlist_link}",Wishlist ke kuch items low stock. Cart mein le jao: {wishlist_link},উইশলিস্টের কিছু আইটেম কম স্টক।,wishlist|expiring|reminder,false,243,2024-08-27T12:00:00Z,2024-09-01T12:00:00Z
resp-158,Review Request - Order Delivered,Reviews & Feedback,Review Request,"Hi {customer_name}, your order #{order_id} was delivered recently. Would you mind leaving a quick review? It takes 30 seconds and helps other shoppers: {review_link}","नमस्ते {customer_name}, ऑर्डर #{order_id} हाल ही में डिलीवर हुआ। 30 सेकंड का रिव्यू देंगे? दूसरों को मदद मिलेगी: {review_link}",Order #{order_id} deliver hua. 30 sec ka review do? {review_link},অর্ডার #{order_id} ডেলিভার। রিভিউ দিন: {review_link},review|request|delivered,true,118,2024-09-09T12:00:00Z,2024-09-11T12:00:00Z
resp-159,Review with Photo,Reviews & Feedback,Review Request,"Hi {customer_name}, loved your recent purchase from {store_name}? Share a photo with your review and get {reward} in your wallet! Review: {review_link}","नमस्ते {customer_name}, {store_name} से खरीद पसंद आई? फोटो के साथ रिव्यू शेयर करें, वॉलेट में {reward}! रिव्यू: {review_link}","Photo ke saath review share karo, wallet mein {reward}! {review_link}","ছবি সহ রিভিউ শেয়ার করুন, ওয়ালেটে {reward}!",review|photo|reward,false,232,2024-09-08T12:00:00Z,2024-09-08T12:00:00Z
resp-160,Review - Incentive Offer,Reviews & Feedback,Review Request,"Hi {customer_name}, share your experience with {product_name} and get {discount}% off your next order! Review here: {review_link}","नमस्ते {customer_name}, {product_name} का अनुभव शेयर करें, अगले ऑर्डर पर {discount}% छूट! रिव्यू: {review_link}","Experience share karo, next order pe {discount}% off! {review_link}","অভিজ্ঞতা শেয়ার করুন, {discount}% ছাড়!",review|incentive|offer,false,146,2024-07-30T12:00:00Z,2024-07-31T12:00:00Z
resp-161,Reply to Positive Review,Reviews & Feedback,Reply to Review,"Hi {customer_name}, thank you for the wonderful 5-star review! We're thrilled you loved {product_name}. Tag us on Instagram @{social_handle} — we'd love to feature you!","नमस्ते {customer_name}, बढ़िया 5-स्टार रिव्यू के लिए धन्यवाद! {product_name} पसंद आने की खुशी। Instagram @{social_handle} पर टैग करें!",5-star review ke liye dhanyawad! {product_name} pasand aane ki khushi. Instagram @{social_handle} tag karo!,৫-স্টার রিভিউয়ের জন্য ধন্যবাদ!,review|reply|positive,false,77,2024-08-29T12:00:00Z,2024-09-02T12:00:00Z
resp-162,Reply to Negative Review,Reviews & Feedback,Reply to Review,"Hi {customer_name}, I'm sorry your experience fell short. We take your feedback seriously. Please share more details at {support_email} or DM us — I'd like to make this right.","नमस्ते {customer_name}, अनुभव खराब रहा, क्षमा। आपकी फीडबैक गंभीरता से लेते हैं। विवरण {support_email} पर या DM में भेजें — ठीक करना चाहूँगा।",Sorry experience kharab raha. Details {support_email} ya DM mein bhejo.,"অভিজ্ঞতা খারাপ, ক্ষমা। বিস্তারিত {support_email}-এ পাঠান।",review|reply|negative,true,225,2024-09-02T12:00:00Z,2024-09-03T12:00:00Z
resp-163,Reply to Neutral Review,Reviews & Feedback,Reply to Review,"Hi {customer_name}, thanks for taking time to review {product_name}. We're glad it mostly worked for you. Is there anything we can do to make it a 5-star experience next time?","नमस्ते {customer_name}, {product_name} रिव्यू के लिए धन्यवाद। ज़्यादातर ठीक रहा। 5-स्टार अनुभव के लिए कुछ कर सकें?",Review ke liye dhanyawad. 5-star experience ke liye kuch kar saken?,রিভিউয়ের জন্য ধন্যবাদ। ৫-স্টার অভিজ্ঞতার জন্য?,review|reply|neutral,false,167,2024-08-03T12:00:00Z,2024-08-05T12:00:00Z
resp-164,Product Feedback Request,Reviews & Feedback,Feedback Collection,"Hi {customer_name}, we'd love your input on {product_name}! What did you love? What could be better? Your feedback shapes future versions: {feedback_link}","नमस्ते {customer_name}, {product_name} पर आपकी राय चाहिए! क्या पसंद आया? क्या बेहतर हो? आपकी फीडबैक भविष्य संस्करण तय करती: {feedback_link}",{product_name} pe aapki ray chahiye! Feedback link: {feedback_link},{product_name}-এ আপনার মতামত চাই! {feedback_link},feedback|product|request,false,130,2024-08-14T12:00:00Z,2024-08-16T12:00:00Z
resp-165,Feature Suggestion,Reviews & Feedback,Feedback Collection,"Hi {customer_name}, thanks for the feature suggestion! We've logged it for our product team. We can't promise timelines, but every request is reviewed weekly.","नमस्ते {customer_name}, फ़ीचर सुझाव के लिए धन्यवाद! प्रोडक्ट टीम के लिए लॉग कर दिया। समय देना नहीं दे सकते, लेकिन हर सुझाव हफ़्ते में जाँचा जाता।",Feature suggestion ke liye dhanyawad! Product team ne log kiya. Weekly review hota hai.,ফিচার সাজেশনের জন্য ধন্যবাদ!,feedback|feature|suggestion,false,237,2024-07-20T12:00:00Z,2024-07-20T12:00:00Z
resp-166,Return Initiated,Returns & Refunds,Return Initiation,"Hi {customer_name}, your return for order #{order_id} has been initiated. Pickup is scheduled for {pickup_date}. Refund will be processed within {refund_days} of receiving the item.","नमस्ते {customer_name}, ऑर्डर #{order_id} का रिटर्न शुरू। पिकअप {pickup_date} को। आइटम मिलने के {refund_days} दिनों में रिफंड।",Return start. Pickup {pickup_date} ko. Item milne ke {refund_days} mein refund.,রিটার্ন শুরু। পিকআপ {pickup_date}।,return|initiated|pickup,true,266,2024-09-10T12:00:00Z,2024-09-12T12:00:00Z
resp-167,Return Pickup Scheduled,Returns & Refunds,Return Initiation,"Hi {customer_name}, return pickup for order #{order_id} is confirmed for {pickup_date} between {pickup_window}. Please keep the item packed with original tags.","नमस्ते {customer_name}, ऑर्डर #{order_id} का रिटर्न पिकअप {pickup_date} को {pickup_window} के बीच। आइटम मूल टैग के साथ पैक रखें।",Return pickup {pickup_date} ko {pickup_window} ke beech. Original tags ke saath pack rakho.,"রিটার্ন পিকআপ {pickup_date}, {pickup_window}।",return|pickup|scheduled,false,5,2024-09-13T12:00:00Z,2024-09-15T12:00:00Z
resp-168,Return Guidelines,Returns & Refunds,Return Initiation,"Hi {customer_name}, to process your return smoothly:
• Item must be unused with original tags
• Pack in original packaging if possible
• Keep invoice handy
• Handover to pickup agent","नमस्ते {customer_name}, सुचारू रिटर्न के लिए:
• आइटम अप्रयुक्त, मूल टैग
• मूल पैकेजिंग में पैक
• इनवॉइस पास रखें
• एजेंट को सौंपें","Smooth return ke liye:
• Unused, original tags
• Original packaging
• Invoice ready
• Agent ko handover","রিটার্ন নিয়ম:
• অব্যবহৃত, অরিজিনাল ট্যাগ",return|guidelines|info,false,38,2024-07-28T12:00:00Z,2024-08-02T12:00:00Z
resp-169,Return Picked Up,Returns & Refunds,Return Status,"Hi {customer_name}, your return for order #{order_id} has been picked up successfully. It's on the way to our warehouse — we'll inspect and process your refund within {refund_days} of receipt.","नमस्ते {customer_name}, ऑर्डर #{order_id} का रिटर्न पिकअप हो गया। वेयरहाउस के रास्ते — जाँच के बाद {refund_days} दिनों में रिफंड।",Return pickup ho gaya. Warehouse on the way — inspect ke {refund_days} din mein refund.,রিটার্ন পিকআপ হয়েছে। {refund_days} দিনে রিফান্ড।,return|picked-up|status,false,46,2024-08-30T12:00:00Z,2024-09-04T12:00:00Z
resp-170,Return Approved,Returns & Refunds,Return Status,"Hi {customer_name}, your return for order #{order_id} has been approved after inspection. Refund of ₹{amount} will be processed within {refund_days} business days.","नमस्ते {customer_name}, जाँच के बाद ऑर्डर #{order_id} का रिटर्न मंज़ूर। ₹{amount} रिफंड {refund_days} दिनों में।",Return approved. ₹{amount} refund {refund_days} din mein.,রিটার্ন অনুমোদিত। ₹{amount} রিফান্ড {refund_days} দিনে।,return|approved|status,false,146,2024-08-18T12:00:00Z,2024-08-23T12:00:00Z
resp-171,Return Rejected,Returns & Refunds,Return Status,"Hi {customer_name}, unfortunately your return for order #{order_id} couldn't be approved because {rejection_reason}. Please check our return policy or contact us with questions.","नमस्ते {customer_name}, ऑर्डर #{order_id} का रिटर्न मंज़ूर नहीं, कारण: {rejection_reason}। रिटर्न पॉलिसी देखें या संपर्क करें।","Return reject, reason: {rejection_reason}. Policy dekho ya contact karo.","রিটার্ন প্রত্যাখ্যাত, কারণ: {rejection_reason}।",return|rejected|status,false,148,2024-08-19T12:00:00Z,2024-08-19T12:00:00Z
resp-172,Damaged Product Report,Returns & Refunds,Damaged Product,"Hi {customer_name}, sorry to hear your order #{order_id} arrived damaged. Please share photos of the damage and packaging at {damage_link}. We'll arrange a replacement or refund ASAP.","नमस्ते {customer_name}, ऑर्डर #{order_id} क्षतिग्रस्त पहुँचा, क्षमा। क्षति और पैकेजिंग के फोटो {damage_link} पर भेजें। जल्दी रिप्लेसमेंट या रिफंड।",Order #{order_id} damaged. Photos bhejo {damage_link} pe. Replacement ya refund ASAP.,অর্ডার #{order_id} ক্ষতিগ্রস্ত। ছবি পাঠান {damage_link}।,damage|report|return,true,88,2024-09-08T12:00:00Z,2024-09-13T12:00:00Z
resp-173,Damaged Product Replacement,Returns & Refunds,Damaged Product,"Hi {customer_name}, we're shipping a replacement for the damaged item in order #{order_id}. Tracking will be shared soon. No need to return the damaged piece — please dispose of it.","नमस्ते {customer_name}, ऑर्डर #{order_id} के क्षतिग्रस्त आइटम का रिप्लेसमेंट भेज रहे। ट्रैकिंग जल्दी। क्षतिग्रस्त आइटम वापस न दें, डिस्पोज़ करें।",Replacement bhej rahe. Tracking soon. Damaged item wapas na dein.,ক্ষতিগ্রস্ত আইটেমের রিপ্লেসমেন্ট পাঠাচ্ছি।,damage|replacement|return,false,43,2024-07-20T12:00:00Z,2024-07-24T12:00:00Z
resp-174,Damaged Product Refund,Returns & Refunds,Damaged Product,"Hi {customer_name}, we've processed a full refund of ₹{amount} for the damaged item in order #{order_id}. It will reflect in your source account within {refund_days} business days.","नमस्ते {customer_name}, ऑर्डर #{order_id} के क्षतिग्रस्त आइटम का पूरा ₹{amount} रिफंड किया। {refund_days} दिनों में खाते में।",Full ₹{amount} refund for damaged item. {refund_days} din mein account.,ক্ষতিগ্রস্ত আইটেমের ₹{amount} রিফান্ড।,damage|refund|return,false,218,2024-09-13T12:00:00Z,2024-09-15T12:00:00Z
resp-175,Wrong Item Received,Returns & Refunds,Wrong Item Received,"Hi {customer_name}, I'm sorry you received the wrong item in order #{order_id}. Please share a photo of what you received at {support_link}. We'll arrange the correct item ASAP.","नमस्ते {customer_name}, ऑर्डर #{order_id} में ग़लत आइटम मिला, क्षमा। जो मिला उसका फोटो {support_link} पर भेजें। सही आइटम जल्दी भेजेंगे।","Wrong item mila, sorry. Photo bhejo {support_link} pe. Sahi item jaldi bhejenge.","ভুল আইটেম এসেছে, ক্ষমা। ছবি পাঠান {support_link}।",wrong-item|report|return,true,332,2024-08-09T12:00:00Z,2024-08-10T12:00:00Z
resp-176,Wrong Item Replacement,Returns & Refunds,Wrong Item Received,"Hi {customer_name}, the correct item for order #{order_id} is on its way. Tracking: {tracking_link}. Please keep the wrong item ready for pickup — our agent will collect it during delivery.","नमस्ते {customer_name}, ऑर्डर #{order_id} का सही आइटम रास्ते में। ट्रैकिंग: {tracking_link}। ग़लत आइटम पिकअप के लिए तैयार रखें।",Sahi item on the way. Tracking: {tracking_link}. Wrong item pickup ke liye ready rakho.,সঠিক আইটেম পাঠাচ্ছি। ভুল আইटেম পিকআপে দিন।,wrong-item|replacement|return,false,37,2024-08-19T12:00:00Z,2024-08-19T12:00:00Z
resp-177,Wrong Item Return Pickup,Returns & Refunds,Wrong Item Received,"Hi {customer_name}, pickup for the wrong item from order #{order_id} is scheduled for {pickup_date} between {pickup_window}. Please keep it packed and ready.","नमस्ते {customer_name}, ऑर्डर #{order_id} के ग़लत आइटम का पिकअप {pickup_date} को {pickup_window}। पैक और तैयार रखें।",Wrong item pickup {pickup_date} ko {pickup_window}. Pack aur ready rakho.,"ভুল আইটেম পিকআপ {pickup_date}, {pickup_window}।",wrong-item|pickup|return,false,98,2024-08-27T12:00:00Z,2024-08-27T12:00:00Z
resp-178,WhatsApp Welcome,WhatsApp & Chat,WhatsApp Welcome,"Hi {customer_name}! 👋 Thanks for reaching out to {store_name} on WhatsApp. I'm here to help with orders, products, returns, and anything else. How can I assist today?","नमस्ते {customer_name}! 👋 {store_name} WhatsApp पर संपर्क के लिए धन्यवाद। ऑर्डर, प्रोडक्ट, रिटर्न में मदद करूँगा। बताइए?",Hi {customer_name}! 👋 {store_name} WhatsApp pe help karunga. Batao?,নমস্কার {customer_name}! 👋 {store_name} WhatsApp-এ সাহায্য করব।,whatsapp|welcome|chat,true,233,2024-07-20T12:00:00Z,2024-07-21T12:00:00Z
resp-179,WhatsApp Auto-Reply,WhatsApp & Chat,WhatsApp Welcome,"Hi! Thanks for messaging {store_name}. We typically reply within {response_time}. For urgent help, call {phone_number}. Meanwhile, share your order ID for faster service.","नमस्ते! {store_name} को संदेश के लिए धन्यवाद। आमतौर पर {response_time} में जवाब। ज़रूरी हो तो कॉल: {phone_number}। ऑर्डर ID दें, तेज़ सेवा।",Hi! {store_name} ko message ke liye dhanyawad. {response_time} mein reply. Urgent: {phone_number}. Order ID do.,নমস্কার! {store_name} বার্তার জন্য ধন্যবাদ। উত্তর {response_time}।,whatsapp|auto-reply|chat,false,68,2024-08-03T12:00:00Z,2024-08-08T12:00:00Z
resp-180,WhatsApp Off-Hours,WhatsApp & Chat,WhatsApp Welcome,"Hi {customer_name}, thanks for your message! Our team is offline right now. We'll respond when we're back at {return_time}. For urgent order queries, please use the app.","नमस्ते {customer_name}, संदेश के लिए धन्यवाद! टीम अभी ऑफलाइन। वापसी {return_time} पर जवाब देंगे। ज़रूरी ऑर्डर सवाल के लिए ऐप इस्तेमाल करें।",Message ke liye dhanyawad! Team offline. {return_time} pe reply. Urgent ke liye app.,টিম অফলাইন। {return_time}-এ উত্তর দেব।,whatsapp|off-hours|chat,false,95,2024-09-09T12:00:00Z,2024-09-13T12:00:00Z
resp-181,WhatsApp Order Confirmation,WhatsApp & Chat,WhatsApp Order Update,"Hi {customer_name}, your order #{order_id} (₹{amount}) is confirmed! We'll keep you updated on WhatsApp. Track: {tracking_link}","नमस्ते {customer_name}, ऑर्डर #{order_id} (₹{amount}) कन्फर्म! WhatsApp पर अपडेट देंगे। ट्रैक: {tracking_link}",Order #{order_id} (₹{amount}) confirm! WhatsApp pe update. Track: {tracking_link},অর্ডার #{order_id} (₹{amount}) কনফার্ম!,whatsapp|order|confirmation,false,228,2024-07-21T12:00:00Z,2024-07-24T12:00:00Z
resp-182,WhatsApp Delivery Alert,WhatsApp & Chat,WhatsApp Order Update,"Hi {customer_name}, your order #{order_id} is out for delivery! Agent will arrive by {delivery_time}. Keep ₹{amount} ready if COD. Tracking: {tracking_link}","नमस्ते {customer_name}, ऑर्डर #{order_id} डिलीवरी के लिए! एजेंट {delivery_time} तक। COD हो तो ₹{amount} तैयार। ट्रैक: {tracking_link}",Order #{order_id} delivery! Agent {delivery_time} tak. COD: ₹{amount}. Track: {tracking_link},অর্ডার #{order_id} ডেলিভারি! COD: ₹{amount}।,whatsapp|delivery|alert,true,129,2024-08-07T12:00:00Z,2024-08-08T12:00:00Z
resp-183,WhatsApp Delivered,WhatsApp & Chat,WhatsApp Order Update,"Hi {customer_name}, your order #{order_id} has been delivered! ✅ Hope you love it. Any issues, just message here. Would you mind sharing a quick review? {review_link}","नमस्ते {customer_name}, ऑर्डर #{order_id} डिलीवर हो गया! ✅ पसंद आए तो बताएँ। समस्या हो तो यहीं संदेश दें। रिव्यू? {review_link}",Order #{order_id} deliver hua! ✅ Issue ho toh message. Review? {review_link},অর্ডার #{order_id} ডেলিভার! ✅ সমস্যা হলে জানান।,whatsapp|delivered|update,false,46,2024-07-22T12:00:00Z,2024-07-23T12:00:00Z
resp-184,WhatsApp Support Handover,WhatsApp & Chat,WhatsApp Support,"Hi {customer_name}, I've shared your query with our support team. They'll revert on this chat within {response_time}. Your reference: #{ticket_id}. Anything else in the meantime?","नमस्ते {customer_name}, आपका सवाल सपोर्ट टीम को दिया। इसी चैट पर {response_time} में जवाब। रेफरेंस: #{ticket_id}। और कुछ?",Query support team ko diya. Isi chat pe {response_time} mein reply. Ref: #{ticket_id}.,সাপোর্ট টিমে দিয়েছি। {response_time}-এ উত্তর। রেফ: #{ticket_id}।,whatsapp|support|handover,false,110,2024-07-21T12:00:00Z,2024-07-21T12:00:00Z
resp-185,WhatsApp Quick Reply,WhatsApp & Chat,WhatsApp Support,"Hi {customer_name}, thanks for your message! Here's a quick answer to common questions:
• Order status: Check app or share order ID
• Returns: Within 7 days, unused
• Payment: UPI, cards, COD accepted
Anything specific I can help with?","नमस्ते {customer_name}, संदेश के लिए धन्यवाद! आम सवालों के जवाब:
• ऑर्डर: ऐप या ID दें
• रिटर्न: 7 दिन, अप्रयुक्त
• पेमेंट: UPI, कार्ड, COD
विशेष मदद चाहिए?","Common answers:
• Order: App ya ID do
• Returns: 7 din, unused
• Payment: UPI, cards, COD
Specific help?","সাধারণ প্রশ্ন:
• অর্ডার: অ্যাপ বা ID
• রিটার্ন: ৭ দিন
• পেমেন্ট: UPI, কার্ড, COD",whatsapp|quick-reply|chat,false,193,2024-09-04T12:00:00Z,2024-09-06T12:00:00Z
resp-186,WhatsApp Order ID Request,WhatsApp & Chat,WhatsApp Support,"Hi {customer_name}, to help you faster, please share your order ID (starts with #). You'll find it in your order confirmation SMS or email. Once I have it, I can pull up your details right away.","नमस्ते {customer_name}, तेज़ मदद के लिए ऑर्डर ID (# से शुरू) दें। SMS या ईमेल में मिलेगा। मिलते ही विवरण देख लूँगा।",Order ID (# se shuru) do. SMS ya email mein milega.,অর্ডার ID (# দিয়ে শুরু) দিন। SMS/ইমেলে আছে।,whatsapp|order-id|request,false,243,2024-07-27T12:00:00Z,2024-07-30T12:00:00Z
resp-187,Vendor Onboarding Welcome,Vendor & Multi-branch,Vendor Onboarding,"Hi {vendor_name}, welcome to {store_name} as a vendor partner! Your onboarding is complete. Add your first product and start selling. Our team is here if you need help.","नमस्ते {vendor_name}, {store_name} वेंडर पार्टनर के रूप में स्वागत! ऑनबोर्डिंग पूरी। पहला प्रोडक्ट जोड़कर बिक्री शुरू करें। मदद चाहिए तो बताएँ।",Vendor partner ke roop mein swagat! Onboarding done. Pehla product add karke selling start karo.,ভেন্ডর পার্টনার হিসেবে স্বাগত! অনবোর্ডিং সম্পূর্ণ।,vendor|onboarding|welcome,false,176,2024-07-26T12:00:00Z,2024-07-31T12:00:00Z
resp-188,Vendor KYC Required,Vendor & Multi-branch,Vendor Onboarding,"Hi {vendor_name}, to activate payouts, please complete KYC:
• GST certificate
• Bank account details
• PAN card
Upload at: {kyc_link}. Activation within 48 hours of submission.","नमस्ते {vendor_name}, पेआउट एक्टिवेट करने के लिए KYC:
• GST प्रमाणपत्र
• बैंक खाता
• PAN कार्ड
अपलोड: {kyc_link}। 48 घंटों में एक्टिव।","Payout activate ke liye KYC: GST, bank, PAN. Upload: {kyc_link}. 48 ghante mein active.","পেআউটের জন্য KYC: GST, ব্যাংক, PAN। আপলোড: {kyc_link}।",vendor|kyc|required,true,177,2024-07-26T12:00:00Z,2024-07-28T12:00:00Z
resp-189,Vendor KYC Approved,Vendor & Multi-branch,Vendor Onboarding,"Hi {vendor_name}, your KYC is approved! ✅ Payouts are now active. First payout for your sales will be processed on {payout_date}. Happy selling!","नमस्ते {vendor_name}, KYC मंज़ूर! ✅ पेआउट एक्टिव। पहला पेआउट {payout_date} को। बिक्री शुभकामना!",KYC approved! ✅ Payouts active. First payout {payout_date} ko.,KYC অনুমোদিত! ✅ পেআউট অ্যাকটিভ।,vendor|kyc|approved,false,206,2024-09-05T12:00:00Z,2024-09-10T12:00:00Z
resp-190,New Branch Setup,Vendor & Multi-branch,Branch Management,"Hi {vendor_name}, to add a new branch, go to Settings → Branches → Add New. Enter branch name, address, and inventory. Each branch manages its own orders and stock separately.","नमस्ते {vendor_name}, नई ब्रांच के लिए Settings → Branches → Add New। नाम, पता, इन्वेंटरी डालें। हर ब्रांच अपने ऑर्डर और स्टॉक स्वतंत्र रूप से संभालती।","New branch: Settings → Branches → Add New. Name, address, inventory. Har branch alag.",নতুন ব্রাঞ্চ: Settings → Branches → Add New।,vendor|branch|setup,false,102,2024-09-09T12:00:00Z,2024-09-09T12:00:00Z
resp-191,Branch Order Rerouted,Vendor & Multi-branch,Branch Management,"Hi {customer_name}, due to stock availability, your order #{order_id} is being fulfilled by our {branch_name} branch instead. Delivery timeline remains the same. Tracking: {tracking_link}","नमस्ते {customer_name}, स्टॉक के कारण ऑर्डर #{order_id} हमारी {branch_name} ब्रांच से जा रहा। डिलीवरी समय वही। ट्रैक: {tracking_link}",Order #{order_id} {branch_name} branch se. Delivery same. Track: {tracking_link},অর্ডার #{order_id} {branch_name} ব্রাঞ্চ থেকে।,vendor|branch|rerouted,false,125,2024-07-23T12:00:00Z,2024-07-24T12:00:00Z
resp-192,Branch Inventory Sync,Vendor & Multi-branch,Branch Management,"Hi {vendor_name}, your branch {branch_name} inventory is now synced with the main dashboard. Stock updates will reflect in real time across all branches.","नमस्ते {vendor_name}, ब्रांच {branch_name} की इन्वेंटरी मुख्य डैशबोर्ड से सिंक हो गई। स्टॉक अपडेट रियल-टाइम में सभी ब्रांच में दिखेंगे।",Branch {branch_name} inventory synced. Real-time stock updates.,ব্রাঞ্চ {branch_name} ইনভেন্টরি সিঙ্কড।,vendor|branch|sync,false,214,2024-09-03T12:00:00Z,2024-09-06T12:00:00Z
resp-193,Payout Processed,Vendor & Multi-branch,Payout & Settlement,"Hi {vendor_name}, your payout of ₹{amount} for sales between {period_start} and {period_end} has been processed to your bank account {bank_last_4}. Expected credit: {credit_date}.","नमस्ते {vendor_name}, {period_start}–{period_end} की बिक्री का ₹{amount} पेआउट बैंक {bank_last_4} में प्रोसेस। क्रेडिट: {credit_date}।",Payout ₹{amount} process hua bank {bank_last_4} mein. Credit: {credit_date}.,পেআউট ₹{amount} ব্যাংকে প্রসেস। ক্রেডিট: {credit_date}।,vendor|payout|processed,true,206,2024-08-24T12:00:00Z,2024-08-25T12:00:00Z
resp-194,Payout Delayed,Vendor & Multi-branch,Payout & Settlement,"Hi {vendor_name}, your payout of ₹{amount} is delayed due to {delay_reason}. New expected date: {new_date}. We apologize for the inconvenience.","नमस्ते {vendor_name}, ₹{amount} पेआउट {delay_reason} के कारण देरी से। नया दिन: {new_date}। असुविधा के लिए क्षमा।","Payout ₹{amount} delay, reason: {delay_reason}. New date: {new_date}.","পেআউট দেরি, কারণ: {delay_reason}।",vendor|payout|delayed,false,11,2024-09-01T12:00:00Z,2024-09-06T12:00:00Z
resp-195,Payout Statement,Vendor & Multi-branch,Payout & Settlement,"Hi {vendor_name}, your payout statement for {month} is ready. Total sales: ₹{total_sales}. Commission: ₹{commission}. Net payout: ₹{net_payout}. Download: {statement_link}","नमस्ते {vendor_name}, {month} का पेआउट स्टेटमेंट तैयार। कुल बिक्री: ₹{total_sales}। कमीशन: ₹{commission}। नेट पेआउट: ₹{net_payout}। डाउनलोड: {statement_link}","{month} payout statement ready. Sales ₹{total_sales}, commission ₹{commission}, net ₹{net_payout}.",{month} পেআউট স্টেটমেন্ট। মোট বিক্রি ₹{total_sales}।,vendor|payout|statement,false,107,2024-09-03T12:00:00Z,2024-09-05T12:00:00Z
resp-196,Order Modification Request,Orders & Delivery,Order Status,"Hi {customer_name}, I can help modify order #{order_id}. Please share what you'd like to change (address, items, quantity). Note: modifications are only possible before dispatch.","नमस्ते {customer_name}, ऑर्डर #{order_id} में बदलाव मदद करूँगा। बताएँ क्या बदलना है (पता, आइटम, क्वांटिटी)। डिस्पैच से पहले ही संभव।",Order #{order_id} mein change madad karunga. Kya badalna hai batao. Dispatch se pehle hi possible.,অর্ডার #{order_id} পরিবর্তন। ডিসপ্যাচের আগেই সম্ভব।,order|modification|request,false,226,2024-08-29T12:00:00Z,2024-08-29T12:00:00Z
resp-197,Order Cancellation Confirmation,Orders & Delivery,Order Status,"Hi {customer_name}, order #{order_id} has been successfully cancelled. Refund of ₹{amount} (if prepaid) will be processed within {refund_days} business days to your original payment method.","नमस्ते {customer_name}, ऑर्डर #{order_id} कैंसिल हो गया। रिफंड ₹{amount} (प्रीपेड हो तो) {refund_days} दिनों में।",Order #{order_id} cancel ho gaya. Refund ₹{amount} {refund_days} din mein.,অর্ডার #{order_id} বাতিল। রিফান্ড {refund_days} দিনে।,order|cancellation|confirmation,false,76,2024-07-28T12:00:00Z,2024-07-30T12:00:00Z
resp-198,Delivery Agent Contact,Orders & Delivery,Out for Delivery,"Hi {customer_name}, your delivery agent for order #{order_id} is {agent_name}. Phone: {agent_phone}. You can call them directly if you need to coordinate the delivery.","नमस्ते {customer_name}, ऑर्डर #{order_id} का डिलीवरी एजेंट {agent_name}। फोन: {agent_phone}। सीधे संपर्क कर सकते हैं।",Delivery agent {agent_name}. Phone: {agent_phone}. Directly call kar sakte ho.,ডেলিভারি এজেন্ট {agent_name}। ফোন: {agent_phone}।,delivery|agent|contact,false,135,2024-08-05T12:00:00Z,2024-08-08T12:00:00Z
resp-199,Payment Confirmation,Payments & Billing,Payment Failed,"Hi {customer_name}, we've received ₹{amount} for order #{order_id} via {payment_method}. Transaction ID: {txn_id}. Thank you for your payment!","नमस्ते {customer_name}, ऑर्डर #{order_id} के लिए ₹{amount} प्राप्त ({payment_method})। ट्रांज़ैक्शन ID: {txn_id}। धन्यवाद!",₹{amount} mil gaya order #{order_id} ke liye ({payment_method}). Txn ID: {txn_id}.,₹{amount} পেয়েছি অর্ডার #{order_id}-এর জন্য। Txn ID: {txn_id}।,payment|confirmation|received,false,220,2024-08-03T12:00:00Z,2024-08-07T12:00:00Z
resp-200,Customer Appreciation,Customer Support,Satisfaction Check,"Hi {customer_name}, we just wanted to take a moment to thank you for being a loyal {store_name} customer. Customers like you make our work meaningful. Here's a small token of gratitude: {appreciation_offer}","नमस्ते {customer_name}, {store_name} के वफ़ादार ग्राहक होने के लिए धन्यवाद। आप जैसे ग्राहक हमें प्रेरित करते हैं। छोटा तोहफ़ा: {appreciation_offer}",Loyal customer hone ke liye dhanyawad. Aap jaise customer inspire karte hain. Tohfa: {appreciation_offer},বিশ্বস্ত গ্রাহক হওয়ার জন্য ধন্যবাদ। উপহার: {appreciation_offer},appreciation|loyalty|customer,false,245,2024-08-25T12:00:00Z,2024-08-25T12:00:00Z
resp-201,Service Outage Notice,Customer Support,FAQ Answers,"Hi {customer_name}, we're experiencing a temporary service disruption affecting {affected_service}. Our team is working on it and we expect to be back by {restore_time}. Sorry for the inconvenience!","नमस्ते {customer_name}, {affected_service} में अस्थायी बाधा। टीम काम कर रही, {restore_time} तक ठीक। असुविधा के लिए क्षमा!","{affected_service} mein temporary issue. Team kaam kar rahi, {restore_time} tak theek.",{affected_service}-এ সাময়িক সমস্যা। {restore_time}-এ ঠিক হবে।,service|outage|notice,false,229,2024-09-08T12:00:00Z,2024-09-10T12:00:00Z
